,file_id,arc_id,subsection_id,input_id,input_name,output_id,output_name,derived_from,term_type,term_name,term_source,term_accession,index_value,value,ena_id
0,Hackathon_ARCexample_rnaseq,TalinumFacultativeCAM,1SPL01_plants_0,,,,,,parameter,growth chamber company,,,18,"Environmental Growth Chambers, Ohio",growth chamber company
1,Hackathon_ARCexample_rnaseq,TalinumFacultativeCAM,1SPL01_plants_0,,,,,,parameter,Flower pot,,,20,"Stuewe and Sons ""Short-One"" treepots, 1.6 L",Flower pot
2,Hackathon_ARCexample_rnaseq,TalinumFacultativeCAM,1SPL01_plants_0,,,,,,parameter,Sample Collection Method,NFDI4PSO,http://purl.obolibrary.org/obo/NFDI4PSO_0000009,36,,sample collection device or method
3,Hackathon_ARCexample_rnaseq,TalinumFacultativeCAM,1SPL01_plants_0,,,,,,parameter,Metabolism quenching method,NFDI4PSO,http://purl.obolibrary.org/obo/NFDI4PSO_0000010,37,Shock-freeze in liquid nitrogen,Metabolism quenching method
4,Hackathon_ARCexample_rnaseq,TalinumFacultativeCAM,1SPL01_plants_0,,,,,,parameter,Sample storage,NFDI4PSO,http://purl.obolibrary.org/obo/NFDI4PSO_0000011,38,,sample storage temperature
5,Hackathon_ARCexample_rnaseq,TalinumFacultativeCAM,1SPL01_plants_0,0.0,DB_097,,,,parameter,Sample type,NFDI4PSO,http://purl.obolibrary.org/obo/NFDI4PSO_0000064,0,,Sample type
6,Hackathon_ARCexample_rnaseq,TalinumFacultativeCAM,1SPL01_plants_0,0.0,DB_097,,,,parameter,Biological replicate,NFDI4PSO,http://purl.obolibrary.org/obo/NFDI4PSO_0000042,1,rep1,Biological replicate
7,Hackathon_ARCexample_rnaseq,TalinumFacultativeCAM,1SPL01_plants_0,0.0,DB_097,,,,parameter,Organism,NFDI4PSO,http://purl.obolibrary.org/obo/NFDI4PSO_0000030,2,Talinum triangulare,organism common name
8,Hackathon_ARCexample_rnaseq,TalinumFacultativeCAM,1SPL01_plants_0,0.0,DB_097,,,,parameter,Isolate,NFDI4PSO,http://purl.obolibrary.org/obo/NFDI4PSO_0000065,3,,isolation and growth condition
9,Hackathon_ARCexample_rnaseq,TalinumFacultativeCAM,1SPL01_plants_0,0.0,DB_097,,,,parameter,Cultivar,NFDI4PSO,http://purl.obolibrary.org/obo/NFDI4PSO_0000066,4,,Cultivar
10,Hackathon_ARCexample_rnaseq,TalinumFacultativeCAM,1SPL01_plants_0,0.0,DB_097,,,,parameter,Ecotype,NFDI4PSO,http://purl.obolibrary.org/obo/NFDI4PSO_0000067,5,,Ecotype
11,Hackathon_ARCexample_rnaseq,TalinumFacultativeCAM,1SPL01_plants_0,0.0,DB_097,,,,parameter,Genotype,NFDI4PSO,http://purl.obolibrary.org/obo/NFDI4PSO_0000031,6,,genotype
12,Hackathon_ARCexample_rnaseq,TalinumFacultativeCAM,1SPL01_plants_0,0.0,DB_097,,,,parameter,population,OBI,http://purl.obolibrary.org/obo/OBI_0000181,7,,population
13,Hackathon_ARCexample_rnaseq,TalinumFacultativeCAM,1SPL01_plants_0,0.0,DB_097,,,,parameter,Organism part,NFDI4PSO,http://purl.obolibrary.org/obo/NFDI4PSO_0000032,8,"{'annotationValue': 'Leaf', 'termSource': 'PO', 'termAccession': 'http://purl.obolibrary.org/obo/PO_0025034'}",Organism part
14,Hackathon_ARCexample_rnaseq,TalinumFacultativeCAM,1SPL01_plants_0,0.0,DB_097,,,,parameter,Cell line,NFDI4PSO,http://purl.obolibrary.org/obo/NFDI4PSO_0000068,9,,Cell line
15,Hackathon_ARCexample_rnaseq,TalinumFacultativeCAM,1SPL01_plants_0,0.0,DB_097,,,,parameter,Cell type,NFDI4PSO,http://purl.obolibrary.org/obo/NFDI4PSO_0000069,10,,Cell type
16,Hackathon_ARCexample_rnaseq,TalinumFacultativeCAM,1SPL01_plants_0,0.0,DB_097,,,,parameter,age,NFDI4PSO,http://purl.obolibrary.org/obo/NFDI4PSO_0000033,11,28 days after germination,age
17,Hackathon_ARCexample_rnaseq,TalinumFacultativeCAM,1SPL01_plants_0,0.0,DB_097,,,,parameter,Developmental Stage,NFDI4PSO,http://purl.obolibrary.org/obo/NFDI4PSO_0000070,12,,Developmental Stage
18,Hackathon_ARCexample_rnaseq,TalinumFacultativeCAM,1SPL01_plants_0,0.0,DB_097,,,,parameter,Plant disease,NFDI4PSO,http://purl.obolibrary.org/obo/NFDI4PSO_0000071,13,,sample health state
19,Hackathon_ARCexample_rnaseq,TalinumFacultativeCAM,1SPL01_plants_0,0.0,DB_097,,,,parameter,Plant disease stage,NFDI4PSO,http://purl.obolibrary.org/obo/NFDI4PSO_0000072,14,,sample disease stage
20,Hackathon_ARCexample_rnaseq,TalinumFacultativeCAM,1SPL01_plants_0,0.0,DB_097,,,,parameter,Phenotype,NFDI4PSO,http://purl.obolibrary.org/obo/NFDI4PSO_0000073,15,,sample phenotype
21,Hackathon_ARCexample_rnaseq,TalinumFacultativeCAM,1SPL01_plants_0,0.0,DB_097,,,,parameter,whole plant size,TO,http://purl.obolibrary.org/obo/TO_1000012,16,,sample height
22,Hackathon_ARCexample_rnaseq,TalinumFacultativeCAM,1SPL01_plants_0,0.0,DB_097,,,,parameter,study type,PECO,http://purl.obolibrary.org/obo/PECO_0007231,17,"{'annotationValue': 'growth chamber study', 'termSource': 'PECO', 'termAccession': 'http://purl.obolibrary.org/obo/PECO_0007269'}",study type
23,Hackathon_ARCexample_rnaseq,TalinumFacultativeCAM,1SPL01_plants_0,0.0,DB_097,,,,parameter,plant growth medium exposure,PECO,http://purl.obolibrary.org/obo/PECO_0007147,19,Miracle-Gro Potting Mix,plant growth medium
24,Hackathon_ARCexample_rnaseq,TalinumFacultativeCAM,1SPL01_plants_0,0.0,DB_097,,,,parameter,growth plot design,NFDI4PSO,http://purl.obolibrary.org/obo/NFDI4PSO_0000001,21,,growth plot design
25,Hackathon_ARCexample_rnaseq,TalinumFacultativeCAM,1SPL01_plants_0,0.0,DB_097,,,,parameter,Growth day length,NFDI4PSO,http://purl.obolibrary.org/obo/NFDI4PSO_0000041,22,12 hr light / 12 hr dark,Growth day length
26,Hackathon_ARCexample_rnaseq,TalinumFacultativeCAM,1SPL01_plants_0,0.0,DB_097,,,,parameter,light intensity exposure,PECO,http://purl.obolibrary.org/obo/PECO_0007224,23,425,light intensity exposure
27,Hackathon_ARCexample_rnaseq,TalinumFacultativeCAM,1SPL01_plants_0,0.0,DB_097,,,,parameter,Humidity Day,NFDI4PSO,http://purl.obolibrary.org/obo/NFDI4PSO_0000005,24,37,Humidity Day
28,Hackathon_ARCexample_rnaseq,TalinumFacultativeCAM,1SPL01_plants_0,0.0,DB_097,,,,parameter,Humidity Night,NFDI4PSO,http://purl.obolibrary.org/obo/NFDI4PSO_0000006,25,37,Humidity Night
29,Hackathon_ARCexample_rnaseq,TalinumFacultativeCAM,1SPL01_plants_0,0.0,DB_097,,,,parameter,Temperature Day,NFDI4PSO,http://purl.obolibrary.org/obo/NFDI4PSO_0000007,26,30,Temperature Day
30,Hackathon_ARCexample_rnaseq,TalinumFacultativeCAM,1SPL01_plants_0,0.0,DB_097,,,,parameter,Temperature Night,NFDI4PSO,http://purl.obolibrary.org/obo/NFDI4PSO_0000008,27,22,Temperature Night
31,Hackathon_ARCexample_rnaseq,TalinumFacultativeCAM,1SPL01_plants_0,0.0,DB_097,,,,parameter,watering exposure,PECO,http://purl.obolibrary.org/obo/PECO_0007383,28,12 days drought,watering regimen
32,Hackathon_ARCexample_rnaseq,TalinumFacultativeCAM,1SPL01_plants_0,0.0,DB_097,,,,parameter,plant nutrient exposure,PECO,http://purl.obolibrary.org/obo/PECO_0007241,29,,plant nutrient exposure
33,Hackathon_ARCexample_rnaseq,TalinumFacultativeCAM,1SPL01_plants_0,0.0,DB_097,,,,parameter,abiotic plant exposure,PECO,http://purl.obolibrary.org/obo/PECO_0007191,30,,abiotic plant exposure
34,Hackathon_ARCexample_rnaseq,TalinumFacultativeCAM,1SPL01_plants_0,0.0,DB_097,,,,parameter,biotic plant exposure,PECO,http://purl.obolibrary.org/obo/PECO_0007357,31,,biotic plant exposure
35,Hackathon_ARCexample_rnaseq,TalinumFacultativeCAM,1SPL01_plants_0,0.0,DB_097,,,,parameter,Geographic Area,NFDI4PSO,http://purl.obolibrary.org/obo/NFDI4PSO_0000074,32,,geographic location (region and locality)
36,Hackathon_ARCexample_rnaseq,TalinumFacultativeCAM,1SPL01_plants_0,0.0,DB_097,,,,parameter,Sample Collection Date,NFDI4PSO,http://purl.obolibrary.org/obo/NFDI4PSO_0000075,33,,collection date
37,Hackathon_ARCexample_rnaseq,TalinumFacultativeCAM,1SPL01_plants_0,0.0,DB_097,,,,parameter,Sample Collected By,NFDI4PSO,http://purl.obolibrary.org/obo/NFDI4PSO_0000076,34,,collected_by
38,Hackathon_ARCexample_rnaseq,TalinumFacultativeCAM,1SPL01_plants_0,0.0,DB_097,,,,parameter,Time point,NFDI4PSO,http://purl.obolibrary.org/obo/NFDI4PSO_0000034,35,6 Zeitgeber time,Time point
39,Hackathon_ARCexample_rnaseq,TalinumFacultativeCAM,1SPL01_plants_0,0.0,DB_097,,,,parameter,Photosynthesis mode,,,39,CAM,Photosynthesis mode
40,Hackathon_ARCexample_rnaseq,TalinumFacultativeCAM,1SPL01_plants_0,1.0,DB_099,,,,parameter,Sample type,NFDI4PSO,http://purl.obolibrary.org/obo/NFDI4PSO_0000064,0,,Sample type
41,Hackathon_ARCexample_rnaseq,TalinumFacultativeCAM,1SPL01_plants_0,1.0,DB_099,,,,parameter,Biological replicate,NFDI4PSO,http://purl.obolibrary.org/obo/NFDI4PSO_0000042,1,rep2,Biological replicate
42,Hackathon_ARCexample_rnaseq,TalinumFacultativeCAM,1SPL01_plants_0,1.0,DB_099,,,,parameter,Organism,NFDI4PSO,http://purl.obolibrary.org/obo/NFDI4PSO_0000030,2,Talinum triangulare,organism common name
43,Hackathon_ARCexample_rnaseq,TalinumFacultativeCAM,1SPL01_plants_0,1.0,DB_099,,,,parameter,Isolate,NFDI4PSO,http://purl.obolibrary.org/obo/NFDI4PSO_0000065,3,,isolation and growth condition
44,Hackathon_ARCexample_rnaseq,TalinumFacultativeCAM,1SPL01_plants_0,1.0,DB_099,,,,parameter,Cultivar,NFDI4PSO,http://purl.obolibrary.org/obo/NFDI4PSO_0000066,4,,Cultivar
45,Hackathon_ARCexample_rnaseq,TalinumFacultativeCAM,1SPL01_plants_0,1.0,DB_099,,,,parameter,Ecotype,NFDI4PSO,http://purl.obolibrary.org/obo/NFDI4PSO_0000067,5,,Ecotype
46,Hackathon_ARCexample_rnaseq,TalinumFacultativeCAM,1SPL01_plants_0,1.0,DB_099,,,,parameter,Genotype,NFDI4PSO,http://purl.obolibrary.org/obo/NFDI4PSO_0000031,6,,genotype
47,Hackathon_ARCexample_rnaseq,TalinumFacultativeCAM,1SPL01_plants_0,1.0,DB_099,,,,parameter,population,OBI,http://purl.obolibrary.org/obo/OBI_0000181,7,,population
48,Hackathon_ARCexample_rnaseq,TalinumFacultativeCAM,1SPL01_plants_0,1.0,DB_099,,,,parameter,Organism part,NFDI4PSO,http://purl.obolibrary.org/obo/NFDI4PSO_0000032,8,"{'annotationValue': 'Leaf', 'termSource': 'PO', 'termAccession': 'http://purl.obolibrary.org/obo/PO_0025034'}",Organism part
49,Hackathon_ARCexample_rnaseq,TalinumFacultativeCAM,1SPL01_plants_0,1.0,DB_099,,,,parameter,Cell line,NFDI4PSO,http://purl.obolibrary.org/obo/NFDI4PSO_0000068,9,,Cell line
50,Hackathon_ARCexample_rnaseq,TalinumFacultativeCAM,1SPL01_plants_0,1.0,DB_099,,,,parameter,Cell type,NFDI4PSO,http://purl.obolibrary.org/obo/NFDI4PSO_0000069,10,,Cell type
51,Hackathon_ARCexample_rnaseq,TalinumFacultativeCAM,1SPL01_plants_0,1.0,DB_099,,,,parameter,age,NFDI4PSO,http://purl.obolibrary.org/obo/NFDI4PSO_0000033,11,28 days after germination,age
52,Hackathon_ARCexample_rnaseq,TalinumFacultativeCAM,1SPL01_plants_0,1.0,DB_099,,,,parameter,Developmental Stage,NFDI4PSO,http://purl.obolibrary.org/obo/NFDI4PSO_0000070,12,,Developmental Stage
53,Hackathon_ARCexample_rnaseq,TalinumFacultativeCAM,1SPL01_plants_0,1.0,DB_099,,,,parameter,Plant disease,NFDI4PSO,http://purl.obolibrary.org/obo/NFDI4PSO_0000071,13,,sample health state
54,Hackathon_ARCexample_rnaseq,TalinumFacultativeCAM,1SPL01_plants_0,1.0,DB_099,,,,parameter,Plant disease stage,NFDI4PSO,http://purl.obolibrary.org/obo/NFDI4PSO_0000072,14,,sample disease stage
55,Hackathon_ARCexample_rnaseq,TalinumFacultativeCAM,1SPL01_plants_0,1.0,DB_099,,,,parameter,Phenotype,NFDI4PSO,http://purl.obolibrary.org/obo/NFDI4PSO_0000073,15,,sample phenotype
56,Hackathon_ARCexample_rnaseq,TalinumFacultativeCAM,1SPL01_plants_0,1.0,DB_099,,,,parameter,whole plant size,TO,http://purl.obolibrary.org/obo/TO_1000012,16,,sample height
57,Hackathon_ARCexample_rnaseq,TalinumFacultativeCAM,1SPL01_plants_0,1.0,DB_099,,,,parameter,study type,PECO,http://purl.obolibrary.org/obo/PECO_0007231,17,"{'annotationValue': 'growth chamber study', 'termSource': 'PECO', 'termAccession': 'http://purl.obolibrary.org/obo/PECO_0007269'}",study type
58,Hackathon_ARCexample_rnaseq,TalinumFacultativeCAM,1SPL01_plants_0,1.0,DB_099,,,,parameter,plant growth medium exposure,PECO,http://purl.obolibrary.org/obo/PECO_0007147,19,Miracle-Gro Potting Mix,plant growth medium
59,Hackathon_ARCexample_rnaseq,TalinumFacultativeCAM,1SPL01_plants_0,1.0,DB_099,,,,parameter,growth plot design,NFDI4PSO,http://purl.obolibrary.org/obo/NFDI4PSO_0000001,21,,growth plot design
60,Hackathon_ARCexample_rnaseq,TalinumFacultativeCAM,1SPL01_plants_0,1.0,DB_099,,,,parameter,Growth day length,NFDI4PSO,http://purl.obolibrary.org/obo/NFDI4PSO_0000041,22,12 hr light / 12 hr dark,Growth day length
61,Hackathon_ARCexample_rnaseq,TalinumFacultativeCAM,1SPL01_plants_0,1.0,DB_099,,,,parameter,light intensity exposure,PECO,http://purl.obolibrary.org/obo/PECO_0007224,23,425,light intensity exposure
62,Hackathon_ARCexample_rnaseq,TalinumFacultativeCAM,1SPL01_plants_0,1.0,DB_099,,,,parameter,Humidity Day,NFDI4PSO,http://purl.obolibrary.org/obo/NFDI4PSO_0000005,24,37,Humidity Day
63,Hackathon_ARCexample_rnaseq,TalinumFacultativeCAM,1SPL01_plants_0,1.0,DB_099,,,,parameter,Humidity Night,NFDI4PSO,http://purl.obolibrary.org/obo/NFDI4PSO_0000006,25,37,Humidity Night
64,Hackathon_ARCexample_rnaseq,TalinumFacultativeCAM,1SPL01_plants_0,1.0,DB_099,,,,parameter,Temperature Day,NFDI4PSO,http://purl.obolibrary.org/obo/NFDI4PSO_0000007,26,30,Temperature Day
65,Hackathon_ARCexample_rnaseq,TalinumFacultativeCAM,1SPL01_plants_0,1.0,DB_099,,,,parameter,Temperature Night,NFDI4PSO,http://purl.obolibrary.org/obo/NFDI4PSO_0000008,27,22,Temperature Night
66,Hackathon_ARCexample_rnaseq,TalinumFacultativeCAM,1SPL01_plants_0,1.0,DB_099,,,,parameter,watering exposure,PECO,http://purl.obolibrary.org/obo/PECO_0007383,28,12 days drought,watering regimen
67,Hackathon_ARCexample_rnaseq,TalinumFacultativeCAM,1SPL01_plants_0,1.0,DB_099,,,,parameter,plant nutrient exposure,PECO,http://purl.obolibrary.org/obo/PECO_0007241,29,,plant nutrient exposure
68,Hackathon_ARCexample_rnaseq,TalinumFacultativeCAM,1SPL01_plants_0,1.0,DB_099,,,,parameter,abiotic plant exposure,PECO,http://purl.obolibrary.org/obo/PECO_0007191,30,,abiotic plant exposure
69,Hackathon_ARCexample_rnaseq,TalinumFacultativeCAM,1SPL01_plants_0,1.0,DB_099,,,,parameter,biotic plant exposure,PECO,http://purl.obolibrary.org/obo/PECO_0007357,31,,biotic plant exposure
70,Hackathon_ARCexample_rnaseq,TalinumFacultativeCAM,1SPL01_plants_0,1.0,DB_099,,,,parameter,Geographic Area,NFDI4PSO,http://purl.obolibrary.org/obo/NFDI4PSO_0000074,32,,geographic location (region and locality)
71,Hackathon_ARCexample_rnaseq,TalinumFacultativeCAM,1SPL01_plants_0,1.0,DB_099,,,,parameter,Sample Collection Date,NFDI4PSO,http://purl.obolibrary.org/obo/NFDI4PSO_0000075,33,,collection date
72,Hackathon_ARCexample_rnaseq,TalinumFacultativeCAM,1SPL01_plants_0,1.0,DB_099,,,,parameter,Sample Collected By,NFDI4PSO,http://purl.obolibrary.org/obo/NFDI4PSO_0000076,34,,collected_by
73,Hackathon_ARCexample_rnaseq,TalinumFacultativeCAM,1SPL01_plants_0,1.0,DB_099,,,,parameter,Time point,NFDI4PSO,http://purl.obolibrary.org/obo/NFDI4PSO_0000034,35,6 Zeitgeber time,Time point
74,Hackathon_ARCexample_rnaseq,TalinumFacultativeCAM,1SPL01_plants_0,1.0,DB_099,,,,parameter,Photosynthesis mode,,,39,CAM,Photosynthesis mode
75,Hackathon_ARCexample_rnaseq,TalinumFacultativeCAM,1SPL01_plants_0,2.0,DB_103,,,,parameter,Sample type,NFDI4PSO,http://purl.obolibrary.org/obo/NFDI4PSO_0000064,0,,Sample type
76,Hackathon_ARCexample_rnaseq,TalinumFacultativeCAM,1SPL01_plants_0,2.0,DB_103,,,,parameter,Biological replicate,NFDI4PSO,http://purl.obolibrary.org/obo/NFDI4PSO_0000042,1,rep3,Biological replicate
77,Hackathon_ARCexample_rnaseq,TalinumFacultativeCAM,1SPL01_plants_0,2.0,DB_103,,,,parameter,Organism,NFDI4PSO,http://purl.obolibrary.org/obo/NFDI4PSO_0000030,2,Talinum triangulare,organism common name
78,Hackathon_ARCexample_rnaseq,TalinumFacultativeCAM,1SPL01_plants_0,2.0,DB_103,,,,parameter,Isolate,NFDI4PSO,http://purl.obolibrary.org/obo/NFDI4PSO_0000065,3,,isolation and growth condition
79,Hackathon_ARCexample_rnaseq,TalinumFacultativeCAM,1SPL01_plants_0,2.0,DB_103,,,,parameter,Cultivar,NFDI4PSO,http://purl.obolibrary.org/obo/NFDI4PSO_0000066,4,,Cultivar
80,Hackathon_ARCexample_rnaseq,TalinumFacultativeCAM,1SPL01_plants_0,2.0,DB_103,,,,parameter,Ecotype,NFDI4PSO,http://purl.obolibrary.org/obo/NFDI4PSO_0000067,5,,Ecotype
81,Hackathon_ARCexample_rnaseq,TalinumFacultativeCAM,1SPL01_plants_0,2.0,DB_103,,,,parameter,Genotype,NFDI4PSO,http://purl.obolibrary.org/obo/NFDI4PSO_0000031,6,,genotype
82,Hackathon_ARCexample_rnaseq,TalinumFacultativeCAM,1SPL01_plants_0,2.0,DB_103,,,,parameter,population,OBI,http://purl.obolibrary.org/obo/OBI_0000181,7,,population
83,Hackathon_ARCexample_rnaseq,TalinumFacultativeCAM,1SPL01_plants_0,2.0,DB_103,,,,parameter,Organism part,NFDI4PSO,http://purl.obolibrary.org/obo/NFDI4PSO_0000032,8,"{'annotationValue': 'Leaf', 'termSource': 'PO', 'termAccession': 'http://purl.obolibrary.org/obo/PO_0025034'}",Organism part
84,Hackathon_ARCexample_rnaseq,TalinumFacultativeCAM,1SPL01_plants_0,2.0,DB_103,,,,parameter,Cell line,NFDI4PSO,http://purl.obolibrary.org/obo/NFDI4PSO_0000068,9,,Cell line
85,Hackathon_ARCexample_rnaseq,TalinumFacultativeCAM,1SPL01_plants_0,2.0,DB_103,,,,parameter,Cell type,NFDI4PSO,http://purl.obolibrary.org/obo/NFDI4PSO_0000069,10,,Cell type
86,Hackathon_ARCexample_rnaseq,TalinumFacultativeCAM,1SPL01_plants_0,2.0,DB_103,,,,parameter,age,NFDI4PSO,http://purl.obolibrary.org/obo/NFDI4PSO_0000033,11,28 days after germination,age
87,Hackathon_ARCexample_rnaseq,TalinumFacultativeCAM,1SPL01_plants_0,2.0,DB_103,,,,parameter,Developmental Stage,NFDI4PSO,http://purl.obolibrary.org/obo/NFDI4PSO_0000070,12,,Developmental Stage
88,Hackathon_ARCexample_rnaseq,TalinumFacultativeCAM,1SPL01_plants_0,2.0,DB_103,,,,parameter,Plant disease,NFDI4PSO,http://purl.obolibrary.org/obo/NFDI4PSO_0000071,13,,sample health state
89,Hackathon_ARCexample_rnaseq,TalinumFacultativeCAM,1SPL01_plants_0,2.0,DB_103,,,,parameter,Plant disease stage,NFDI4PSO,http://purl.obolibrary.org/obo/NFDI4PSO_0000072,14,,sample disease stage
90,Hackathon_ARCexample_rnaseq,TalinumFacultativeCAM,1SPL01_plants_0,2.0,DB_103,,,,parameter,Phenotype,NFDI4PSO,http://purl.obolibrary.org/obo/NFDI4PSO_0000073,15,,sample phenotype
91,Hackathon_ARCexample_rnaseq,TalinumFacultativeCAM,1SPL01_plants_0,2.0,DB_103,,,,parameter,whole plant size,TO,http://purl.obolibrary.org/obo/TO_1000012,16,,sample height
92,Hackathon_ARCexample_rnaseq,TalinumFacultativeCAM,1SPL01_plants_0,2.0,DB_103,,,,parameter,study type,PECO,http://purl.obolibrary.org/obo/PECO_0007231,17,"{'annotationValue': 'growth chamber study', 'termSource': 'PECO', 'termAccession': 'http://purl.obolibrary.org/obo/PECO_0007269'}",study type
93,Hackathon_ARCexample_rnaseq,TalinumFacultativeCAM,1SPL01_plants_0,2.0,DB_103,,,,parameter,plant growth medium exposure,PECO,http://purl.obolibrary.org/obo/PECO_0007147,19,Miracle-Gro Potting Mix,plant growth medium
94,Hackathon_ARCexample_rnaseq,TalinumFacultativeCAM,1SPL01_plants_0,2.0,DB_103,,,,parameter,growth plot design,NFDI4PSO,http://purl.obolibrary.org/obo/NFDI4PSO_0000001,21,,growth plot design
95,Hackathon_ARCexample_rnaseq,TalinumFacultativeCAM,1SPL01_plants_0,2.0,DB_103,,,,parameter,Growth day length,NFDI4PSO,http://purl.obolibrary.org/obo/NFDI4PSO_0000041,22,12 hr light / 12 hr dark,Growth day length
96,Hackathon_ARCexample_rnaseq,TalinumFacultativeCAM,1SPL01_plants_0,2.0,DB_103,,,,parameter,light intensity exposure,PECO,http://purl.obolibrary.org/obo/PECO_0007224,23,425,light intensity exposure
97,Hackathon_ARCexample_rnaseq,TalinumFacultativeCAM,1SPL01_plants_0,2.0,DB_103,,,,parameter,Humidity Day,NFDI4PSO,http://purl.obolibrary.org/obo/NFDI4PSO_0000005,24,37,Humidity Day
98,Hackathon_ARCexample_rnaseq,TalinumFacultativeCAM,1SPL01_plants_0,2.0,DB_103,,,,parameter,Humidity Night,NFDI4PSO,http://purl.obolibrary.org/obo/NFDI4PSO_0000006,25,37,Humidity Night
99,Hackathon_ARCexample_rnaseq,TalinumFacultativeCAM,1SPL01_plants_0,2.0,DB_103,,,,parameter,Temperature Day,NFDI4PSO,http://purl.obolibrary.org/obo/NFDI4PSO_0000007,26,30,Temperature Day
100,Hackathon_ARCexample_rnaseq,TalinumFacultativeCAM,1SPL01_plants_0,2.0,DB_103,,,,parameter,Temperature Night,NFDI4PSO,http://purl.obolibrary.org/obo/NFDI4PSO_0000008,27,22,Temperature Night
101,Hackathon_ARCexample_rnaseq,TalinumFacultativeCAM,1SPL01_plants_0,2.0,DB_103,,,,parameter,watering exposure,PECO,http://purl.obolibrary.org/obo/PECO_0007383,28,12 days drought,watering regimen
102,Hackathon_ARCexample_rnaseq,TalinumFacultativeCAM,1SPL01_plants_0,2.0,DB_103,,,,parameter,plant nutrient exposure,PECO,http://purl.obolibrary.org/obo/PECO_0007241,29,,plant nutrient exposure
103,Hackathon_ARCexample_rnaseq,TalinumFacultativeCAM,1SPL01_plants_0,2.0,DB_103,,,,parameter,abiotic plant exposure,PECO,http://purl.obolibrary.org/obo/PECO_0007191,30,,abiotic plant exposure
104,Hackathon_ARCexample_rnaseq,TalinumFacultativeCAM,1SPL01_plants_0,2.0,DB_103,,,,parameter,biotic plant exposure,PECO,http://purl.obolibrary.org/obo/PECO_0007357,31,,biotic plant exposure
105,Hackathon_ARCexample_rnaseq,TalinumFacultativeCAM,1SPL01_plants_0,2.0,DB_103,,,,parameter,Geographic Area,NFDI4PSO,http://purl.obolibrary.org/obo/NFDI4PSO_0000074,32,,geographic location (region and locality)
106,Hackathon_ARCexample_rnaseq,TalinumFacultativeCAM,1SPL01_plants_0,2.0,DB_103,,,,parameter,Sample Collection Date,NFDI4PSO,http://purl.obolibrary.org/obo/NFDI4PSO_0000075,33,,collection date
107,Hackathon_ARCexample_rnaseq,TalinumFacultativeCAM,1SPL01_plants_0,2.0,DB_103,,,,parameter,Sample Collected By,NFDI4PSO,http://purl.obolibrary.org/obo/NFDI4PSO_0000076,34,,collected_by
108,Hackathon_ARCexample_rnaseq,TalinumFacultativeCAM,1SPL01_plants_0,2.0,DB_103,,,,parameter,Time point,NFDI4PSO,http://purl.obolibrary.org/obo/NFDI4PSO_0000034,35,6 Zeitgeber time,Time point
109,Hackathon_ARCexample_rnaseq,TalinumFacultativeCAM,1SPL01_plants_0,2.0,DB_103,,,,parameter,Photosynthesis mode,,,39,CAM,Photosynthesis mode
110,Hackathon_ARCexample_rnaseq,TalinumFacultativeCAM,1SPL01_plants_0,3.0,DB_161,,,,parameter,Sample type,NFDI4PSO,http://purl.obolibrary.org/obo/NFDI4PSO_0000064,0,,Sample type
111,Hackathon_ARCexample_rnaseq,TalinumFacultativeCAM,1SPL01_plants_0,3.0,DB_161,,,,parameter,Biological replicate,NFDI4PSO,http://purl.obolibrary.org/obo/NFDI4PSO_0000042,1,rep1,Biological replicate
112,Hackathon_ARCexample_rnaseq,TalinumFacultativeCAM,1SPL01_plants_0,3.0,DB_161,,,,parameter,Organism,NFDI4PSO,http://purl.obolibrary.org/obo/NFDI4PSO_0000030,2,Talinum triangulare,organism common name
113,Hackathon_ARCexample_rnaseq,TalinumFacultativeCAM,1SPL01_plants_0,3.0,DB_161,,,,parameter,Isolate,NFDI4PSO,http://purl.obolibrary.org/obo/NFDI4PSO_0000065,3,,isolation and growth condition
114,Hackathon_ARCexample_rnaseq,TalinumFacultativeCAM,1SPL01_plants_0,3.0,DB_161,,,,parameter,Cultivar,NFDI4PSO,http://purl.obolibrary.org/obo/NFDI4PSO_0000066,4,,Cultivar
115,Hackathon_ARCexample_rnaseq,TalinumFacultativeCAM,1SPL01_plants_0,3.0,DB_161,,,,parameter,Ecotype,NFDI4PSO,http://purl.obolibrary.org/obo/NFDI4PSO_0000067,5,,Ecotype
116,Hackathon_ARCexample_rnaseq,TalinumFacultativeCAM,1SPL01_plants_0,3.0,DB_161,,,,parameter,Genotype,NFDI4PSO,http://purl.obolibrary.org/obo/NFDI4PSO_0000031,6,,genotype
117,Hackathon_ARCexample_rnaseq,TalinumFacultativeCAM,1SPL01_plants_0,3.0,DB_161,,,,parameter,population,OBI,http://purl.obolibrary.org/obo/OBI_0000181,7,,population
118,Hackathon_ARCexample_rnaseq,TalinumFacultativeCAM,1SPL01_plants_0,3.0,DB_161,,,,parameter,Organism part,NFDI4PSO,http://purl.obolibrary.org/obo/NFDI4PSO_0000032,8,"{'annotationValue': 'Leaf', 'termSource': 'PO', 'termAccession': 'http://purl.obolibrary.org/obo/PO_0025034'}",Organism part
119,Hackathon_ARCexample_rnaseq,TalinumFacultativeCAM,1SPL01_plants_0,3.0,DB_161,,,,parameter,Cell line,NFDI4PSO,http://purl.obolibrary.org/obo/NFDI4PSO_0000068,9,,Cell line
120,Hackathon_ARCexample_rnaseq,TalinumFacultativeCAM,1SPL01_plants_0,3.0,DB_161,,,,parameter,Cell type,NFDI4PSO,http://purl.obolibrary.org/obo/NFDI4PSO_0000069,10,,Cell type
121,Hackathon_ARCexample_rnaseq,TalinumFacultativeCAM,1SPL01_plants_0,3.0,DB_161,,,,parameter,age,NFDI4PSO,http://purl.obolibrary.org/obo/NFDI4PSO_0000033,11,28 days after germination,age
122,Hackathon_ARCexample_rnaseq,TalinumFacultativeCAM,1SPL01_plants_0,3.0,DB_161,,,,parameter,Developmental Stage,NFDI4PSO,http://purl.obolibrary.org/obo/NFDI4PSO_0000070,12,,Developmental Stage
123,Hackathon_ARCexample_rnaseq,TalinumFacultativeCAM,1SPL01_plants_0,3.0,DB_161,,,,parameter,Plant disease,NFDI4PSO,http://purl.obolibrary.org/obo/NFDI4PSO_0000071,13,,sample health state
124,Hackathon_ARCexample_rnaseq,TalinumFacultativeCAM,1SPL01_plants_0,3.0,DB_161,,,,parameter,Plant disease stage,NFDI4PSO,http://purl.obolibrary.org/obo/NFDI4PSO_0000072,14,,sample disease stage
125,Hackathon_ARCexample_rnaseq,TalinumFacultativeCAM,1SPL01_plants_0,3.0,DB_161,,,,parameter,Phenotype,NFDI4PSO,http://purl.obolibrary.org/obo/NFDI4PSO_0000073,15,,sample phenotype
126,Hackathon_ARCexample_rnaseq,TalinumFacultativeCAM,1SPL01_plants_0,3.0,DB_161,,,,parameter,whole plant size,TO,http://purl.obolibrary.org/obo/TO_1000012,16,,sample height
127,Hackathon_ARCexample_rnaseq,TalinumFacultativeCAM,1SPL01_plants_0,3.0,DB_161,,,,parameter,study type,PECO,http://purl.obolibrary.org/obo/PECO_0007231,17,"{'annotationValue': 'growth chamber study', 'termSource': 'PECO', 'termAccession': 'http://purl.obolibrary.org/obo/PECO_0007269'}",study type
128,Hackathon_ARCexample_rnaseq,TalinumFacultativeCAM,1SPL01_plants_0,3.0,DB_161,,,,parameter,plant growth medium exposure,PECO,http://purl.obolibrary.org/obo/PECO_0007147,19,Miracle-Gro Potting Mix,plant growth medium
129,Hackathon_ARCexample_rnaseq,TalinumFacultativeCAM,1SPL01_plants_0,3.0,DB_161,,,,parameter,growth plot design,NFDI4PSO,http://purl.obolibrary.org/obo/NFDI4PSO_0000001,21,,growth plot design
130,Hackathon_ARCexample_rnaseq,TalinumFacultativeCAM,1SPL01_plants_0,3.0,DB_161,,,,parameter,Growth day length,NFDI4PSO,http://purl.obolibrary.org/obo/NFDI4PSO_0000041,22,12 hr light / 12 hr dark,Growth day length
131,Hackathon_ARCexample_rnaseq,TalinumFacultativeCAM,1SPL01_plants_0,3.0,DB_161,,,,parameter,light intensity exposure,PECO,http://purl.obolibrary.org/obo/PECO_0007224,23,425,light intensity exposure
132,Hackathon_ARCexample_rnaseq,TalinumFacultativeCAM,1SPL01_plants_0,3.0,DB_161,,,,parameter,Humidity Day,NFDI4PSO,http://purl.obolibrary.org/obo/NFDI4PSO_0000005,24,37,Humidity Day
133,Hackathon_ARCexample_rnaseq,TalinumFacultativeCAM,1SPL01_plants_0,3.0,DB_161,,,,parameter,Humidity Night,NFDI4PSO,http://purl.obolibrary.org/obo/NFDI4PSO_0000006,25,37,Humidity Night
134,Hackathon_ARCexample_rnaseq,TalinumFacultativeCAM,1SPL01_plants_0,3.0,DB_161,,,,parameter,Temperature Day,NFDI4PSO,http://purl.obolibrary.org/obo/NFDI4PSO_0000007,26,30,Temperature Day
135,Hackathon_ARCexample_rnaseq,TalinumFacultativeCAM,1SPL01_plants_0,3.0,DB_161,,,,parameter,Temperature Night,NFDI4PSO,http://purl.obolibrary.org/obo/NFDI4PSO_0000008,27,22,Temperature Night
136,Hackathon_ARCexample_rnaseq,TalinumFacultativeCAM,1SPL01_plants_0,3.0,DB_161,,,,parameter,watering exposure,PECO,http://purl.obolibrary.org/obo/PECO_0007383,28,2 days rewatered,watering regimen
137,Hackathon_ARCexample_rnaseq,TalinumFacultativeCAM,1SPL01_plants_0,3.0,DB_161,,,,parameter,plant nutrient exposure,PECO,http://purl.obolibrary.org/obo/PECO_0007241,29,,plant nutrient exposure
138,Hackathon_ARCexample_rnaseq,TalinumFacultativeCAM,1SPL01_plants_0,3.0,DB_161,,,,parameter,abiotic plant exposure,PECO,http://purl.obolibrary.org/obo/PECO_0007191,30,,abiotic plant exposure
139,Hackathon_ARCexample_rnaseq,TalinumFacultativeCAM,1SPL01_plants_0,3.0,DB_161,,,,parameter,biotic plant exposure,PECO,http://purl.obolibrary.org/obo/PECO_0007357,31,,biotic plant exposure
140,Hackathon_ARCexample_rnaseq,TalinumFacultativeCAM,1SPL01_plants_0,3.0,DB_161,,,,parameter,Geographic Area,NFDI4PSO,http://purl.obolibrary.org/obo/NFDI4PSO_0000074,32,,geographic location (region and locality)
141,Hackathon_ARCexample_rnaseq,TalinumFacultativeCAM,1SPL01_plants_0,3.0,DB_161,,,,parameter,Sample Collection Date,NFDI4PSO,http://purl.obolibrary.org/obo/NFDI4PSO_0000075,33,,collection date
142,Hackathon_ARCexample_rnaseq,TalinumFacultativeCAM,1SPL01_plants_0,3.0,DB_161,,,,parameter,Sample Collected By,NFDI4PSO,http://purl.obolibrary.org/obo/NFDI4PSO_0000076,34,,collected_by
143,Hackathon_ARCexample_rnaseq,TalinumFacultativeCAM,1SPL01_plants_0,3.0,DB_161,,,,parameter,Time point,NFDI4PSO,http://purl.obolibrary.org/obo/NFDI4PSO_0000034,35,6 Zeitgeber time,Time point
144,Hackathon_ARCexample_rnaseq,TalinumFacultativeCAM,1SPL01_plants_0,3.0,DB_161,,,,parameter,Photosynthesis mode,,,39,reC3,Photosynthesis mode
145,Hackathon_ARCexample_rnaseq,TalinumFacultativeCAM,1SPL01_plants_0,4.0,DB_163,,,,parameter,Sample type,NFDI4PSO,http://purl.obolibrary.org/obo/NFDI4PSO_0000064,0,,Sample type
146,Hackathon_ARCexample_rnaseq,TalinumFacultativeCAM,1SPL01_plants_0,4.0,DB_163,,,,parameter,Biological replicate,NFDI4PSO,http://purl.obolibrary.org/obo/NFDI4PSO_0000042,1,rep2,Biological replicate
147,Hackathon_ARCexample_rnaseq,TalinumFacultativeCAM,1SPL01_plants_0,4.0,DB_163,,,,parameter,Organism,NFDI4PSO,http://purl.obolibrary.org/obo/NFDI4PSO_0000030,2,Talinum triangulare,organism common name
148,Hackathon_ARCexample_rnaseq,TalinumFacultativeCAM,1SPL01_plants_0,4.0,DB_163,,,,parameter,Isolate,NFDI4PSO,http://purl.obolibrary.org/obo/NFDI4PSO_0000065,3,,isolation and growth condition
149,Hackathon_ARCexample_rnaseq,TalinumFacultativeCAM,1SPL01_plants_0,4.0,DB_163,,,,parameter,Cultivar,NFDI4PSO,http://purl.obolibrary.org/obo/NFDI4PSO_0000066,4,,Cultivar
150,Hackathon_ARCexample_rnaseq,TalinumFacultativeCAM,1SPL01_plants_0,4.0,DB_163,,,,parameter,Ecotype,NFDI4PSO,http://purl.obolibrary.org/obo/NFDI4PSO_0000067,5,,Ecotype
151,Hackathon_ARCexample_rnaseq,TalinumFacultativeCAM,1SPL01_plants_0,4.0,DB_163,,,,parameter,Genotype,NFDI4PSO,http://purl.obolibrary.org/obo/NFDI4PSO_0000031,6,,genotype
152,Hackathon_ARCexample_rnaseq,TalinumFacultativeCAM,1SPL01_plants_0,4.0,DB_163,,,,parameter,population,OBI,http://purl.obolibrary.org/obo/OBI_0000181,7,,population
153,Hackathon_ARCexample_rnaseq,TalinumFacultativeCAM,1SPL01_plants_0,4.0,DB_163,,,,parameter,Organism part,NFDI4PSO,http://purl.obolibrary.org/obo/NFDI4PSO_0000032,8,"{'annotationValue': 'Leaf', 'termSource': 'PO', 'termAccession': 'http://purl.obolibrary.org/obo/PO_0025034'}",Organism part
154,Hackathon_ARCexample_rnaseq,TalinumFacultativeCAM,1SPL01_plants_0,4.0,DB_163,,,,parameter,Cell line,NFDI4PSO,http://purl.obolibrary.org/obo/NFDI4PSO_0000068,9,,Cell line
155,Hackathon_ARCexample_rnaseq,TalinumFacultativeCAM,1SPL01_plants_0,4.0,DB_163,,,,parameter,Cell type,NFDI4PSO,http://purl.obolibrary.org/obo/NFDI4PSO_0000069,10,,Cell type
156,Hackathon_ARCexample_rnaseq,TalinumFacultativeCAM,1SPL01_plants_0,4.0,DB_163,,,,parameter,age,NFDI4PSO,http://purl.obolibrary.org/obo/NFDI4PSO_0000033,11,28 days after germination,age
157,Hackathon_ARCexample_rnaseq,TalinumFacultativeCAM,1SPL01_plants_0,4.0,DB_163,,,,parameter,Developmental Stage,NFDI4PSO,http://purl.obolibrary.org/obo/NFDI4PSO_0000070,12,,Developmental Stage
158,Hackathon_ARCexample_rnaseq,TalinumFacultativeCAM,1SPL01_plants_0,4.0,DB_163,,,,parameter,Plant disease,NFDI4PSO,http://purl.obolibrary.org/obo/NFDI4PSO_0000071,13,,sample health state
159,Hackathon_ARCexample_rnaseq,TalinumFacultativeCAM,1SPL01_plants_0,4.0,DB_163,,,,parameter,Plant disease stage,NFDI4PSO,http://purl.obolibrary.org/obo/NFDI4PSO_0000072,14,,sample disease stage
160,Hackathon_ARCexample_rnaseq,TalinumFacultativeCAM,1SPL01_plants_0,4.0,DB_163,,,,parameter,Phenotype,NFDI4PSO,http://purl.obolibrary.org/obo/NFDI4PSO_0000073,15,,sample phenotype
161,Hackathon_ARCexample_rnaseq,TalinumFacultativeCAM,1SPL01_plants_0,4.0,DB_163,,,,parameter,whole plant size,TO,http://purl.obolibrary.org/obo/TO_1000012,16,,sample height
162,Hackathon_ARCexample_rnaseq,TalinumFacultativeCAM,1SPL01_plants_0,4.0,DB_163,,,,parameter,study type,PECO,http://purl.obolibrary.org/obo/PECO_0007231,17,"{'annotationValue': 'growth chamber study', 'termSource': 'PECO', 'termAccession': 'http://purl.obolibrary.org/obo/PECO_0007269'}",study type
163,Hackathon_ARCexample_rnaseq,TalinumFacultativeCAM,1SPL01_plants_0,4.0,DB_163,,,,parameter,plant growth medium exposure,PECO,http://purl.obolibrary.org/obo/PECO_0007147,19,Miracle-Gro Potting Mix,plant growth medium
164,Hackathon_ARCexample_rnaseq,TalinumFacultativeCAM,1SPL01_plants_0,4.0,DB_163,,,,parameter,growth plot design,NFDI4PSO,http://purl.obolibrary.org/obo/NFDI4PSO_0000001,21,,growth plot design
165,Hackathon_ARCexample_rnaseq,TalinumFacultativeCAM,1SPL01_plants_0,4.0,DB_163,,,,parameter,Growth day length,NFDI4PSO,http://purl.obolibrary.org/obo/NFDI4PSO_0000041,22,12 hr light / 12 hr dark,Growth day length
166,Hackathon_ARCexample_rnaseq,TalinumFacultativeCAM,1SPL01_plants_0,4.0,DB_163,,,,parameter,light intensity exposure,PECO,http://purl.obolibrary.org/obo/PECO_0007224,23,425,light intensity exposure
167,Hackathon_ARCexample_rnaseq,TalinumFacultativeCAM,1SPL01_plants_0,4.0,DB_163,,,,parameter,Humidity Day,NFDI4PSO,http://purl.obolibrary.org/obo/NFDI4PSO_0000005,24,37,Humidity Day
168,Hackathon_ARCexample_rnaseq,TalinumFacultativeCAM,1SPL01_plants_0,4.0,DB_163,,,,parameter,Humidity Night,NFDI4PSO,http://purl.obolibrary.org/obo/NFDI4PSO_0000006,25,37,Humidity Night
169,Hackathon_ARCexample_rnaseq,TalinumFacultativeCAM,1SPL01_plants_0,4.0,DB_163,,,,parameter,Temperature Day,NFDI4PSO,http://purl.obolibrary.org/obo/NFDI4PSO_0000007,26,30,Temperature Day
170,Hackathon_ARCexample_rnaseq,TalinumFacultativeCAM,1SPL01_plants_0,4.0,DB_163,,,,parameter,Temperature Night,NFDI4PSO,http://purl.obolibrary.org/obo/NFDI4PSO_0000008,27,22,Temperature Night
171,Hackathon_ARCexample_rnaseq,TalinumFacultativeCAM,1SPL01_plants_0,4.0,DB_163,,,,parameter,watering exposure,PECO,http://purl.obolibrary.org/obo/PECO_0007383,28,2 days rewatered,watering regimen
172,Hackathon_ARCexample_rnaseq,TalinumFacultativeCAM,1SPL01_plants_0,4.0,DB_163,,,,parameter,plant nutrient exposure,PECO,http://purl.obolibrary.org/obo/PECO_0007241,29,,plant nutrient exposure
173,Hackathon_ARCexample_rnaseq,TalinumFacultativeCAM,1SPL01_plants_0,4.0,DB_163,,,,parameter,abiotic plant exposure,PECO,http://purl.obolibrary.org/obo/PECO_0007191,30,,abiotic plant exposure
174,Hackathon_ARCexample_rnaseq,TalinumFacultativeCAM,1SPL01_plants_0,4.0,DB_163,,,,parameter,biotic plant exposure,PECO,http://purl.obolibrary.org/obo/PECO_0007357,31,,biotic plant exposure
175,Hackathon_ARCexample_rnaseq,TalinumFacultativeCAM,1SPL01_plants_0,4.0,DB_163,,,,parameter,Geographic Area,NFDI4PSO,http://purl.obolibrary.org/obo/NFDI4PSO_0000074,32,,geographic location (region and locality)
176,Hackathon_ARCexample_rnaseq,TalinumFacultativeCAM,1SPL01_plants_0,4.0,DB_163,,,,parameter,Sample Collection Date,NFDI4PSO,http://purl.obolibrary.org/obo/NFDI4PSO_0000075,33,,collection date
177,Hackathon_ARCexample_rnaseq,TalinumFacultativeCAM,1SPL01_plants_0,4.0,DB_163,,,,parameter,Sample Collected By,NFDI4PSO,http://purl.obolibrary.org/obo/NFDI4PSO_0000076,34,,collected_by
178,Hackathon_ARCexample_rnaseq,TalinumFacultativeCAM,1SPL01_plants_0,4.0,DB_163,,,,parameter,Time point,NFDI4PSO,http://purl.obolibrary.org/obo/NFDI4PSO_0000034,35,6 Zeitgeber time,Time point
179,Hackathon_ARCexample_rnaseq,TalinumFacultativeCAM,1SPL01_plants_0,4.0,DB_163,,,,parameter,Photosynthesis mode,,,39,reC3,Photosynthesis mode
180,Hackathon_ARCexample_rnaseq,TalinumFacultativeCAM,1SPL01_plants_0,5.0,DB_165,,,,parameter,Sample type,NFDI4PSO,http://purl.obolibrary.org/obo/NFDI4PSO_0000064,0,,Sample type
181,Hackathon_ARCexample_rnaseq,TalinumFacultativeCAM,1SPL01_plants_0,5.0,DB_165,,,,parameter,Biological replicate,NFDI4PSO,http://purl.obolibrary.org/obo/NFDI4PSO_0000042,1,rep3,Biological replicate
182,Hackathon_ARCexample_rnaseq,TalinumFacultativeCAM,1SPL01_plants_0,5.0,DB_165,,,,parameter,Organism,NFDI4PSO,http://purl.obolibrary.org/obo/NFDI4PSO_0000030,2,Talinum triangulare,organism common name
183,Hackathon_ARCexample_rnaseq,TalinumFacultativeCAM,1SPL01_plants_0,5.0,DB_165,,,,parameter,Isolate,NFDI4PSO,http://purl.obolibrary.org/obo/NFDI4PSO_0000065,3,,isolation and growth condition
184,Hackathon_ARCexample_rnaseq,TalinumFacultativeCAM,1SPL01_plants_0,5.0,DB_165,,,,parameter,Cultivar,NFDI4PSO,http://purl.obolibrary.org/obo/NFDI4PSO_0000066,4,,Cultivar
185,Hackathon_ARCexample_rnaseq,TalinumFacultativeCAM,1SPL01_plants_0,5.0,DB_165,,,,parameter,Ecotype,NFDI4PSO,http://purl.obolibrary.org/obo/NFDI4PSO_0000067,5,,Ecotype
186,Hackathon_ARCexample_rnaseq,TalinumFacultativeCAM,1SPL01_plants_0,5.0,DB_165,,,,parameter,Genotype,NFDI4PSO,http://purl.obolibrary.org/obo/NFDI4PSO_0000031,6,,genotype
187,Hackathon_ARCexample_rnaseq,TalinumFacultativeCAM,1SPL01_plants_0,5.0,DB_165,,,,parameter,population,OBI,http://purl.obolibrary.org/obo/OBI_0000181,7,,population
188,Hackathon_ARCexample_rnaseq,TalinumFacultativeCAM,1SPL01_plants_0,5.0,DB_165,,,,parameter,Organism part,NFDI4PSO,http://purl.obolibrary.org/obo/NFDI4PSO_0000032,8,"{'annotationValue': 'Leaf', 'termSource': 'PO', 'termAccession': 'http://purl.obolibrary.org/obo/PO_0025034'}",Organism part
189,Hackathon_ARCexample_rnaseq,TalinumFacultativeCAM,1SPL01_plants_0,5.0,DB_165,,,,parameter,Cell line,NFDI4PSO,http://purl.obolibrary.org/obo/NFDI4PSO_0000068,9,,Cell line
190,Hackathon_ARCexample_rnaseq,TalinumFacultativeCAM,1SPL01_plants_0,5.0,DB_165,,,,parameter,Cell type,NFDI4PSO,http://purl.obolibrary.org/obo/NFDI4PSO_0000069,10,,Cell type
191,Hackathon_ARCexample_rnaseq,TalinumFacultativeCAM,1SPL01_plants_0,5.0,DB_165,,,,parameter,age,NFDI4PSO,http://purl.obolibrary.org/obo/NFDI4PSO_0000033,11,28 days after germination,age
192,Hackathon_ARCexample_rnaseq,TalinumFacultativeCAM,1SPL01_plants_0,5.0,DB_165,,,,parameter,Developmental Stage,NFDI4PSO,http://purl.obolibrary.org/obo/NFDI4PSO_0000070,12,,Developmental Stage
193,Hackathon_ARCexample_rnaseq,TalinumFacultativeCAM,1SPL01_plants_0,5.0,DB_165,,,,parameter,Plant disease,NFDI4PSO,http://purl.obolibrary.org/obo/NFDI4PSO_0000071,13,,sample health state
194,Hackathon_ARCexample_rnaseq,TalinumFacultativeCAM,1SPL01_plants_0,5.0,DB_165,,,,parameter,Plant disease stage,NFDI4PSO,http://purl.obolibrary.org/obo/NFDI4PSO_0000072,14,,sample disease stage
195,Hackathon_ARCexample_rnaseq,TalinumFacultativeCAM,1SPL01_plants_0,5.0,DB_165,,,,parameter,Phenotype,NFDI4PSO,http://purl.obolibrary.org/obo/NFDI4PSO_0000073,15,,sample phenotype
196,Hackathon_ARCexample_rnaseq,TalinumFacultativeCAM,1SPL01_plants_0,5.0,DB_165,,,,parameter,whole plant size,TO,http://purl.obolibrary.org/obo/TO_1000012,16,,sample height
197,Hackathon_ARCexample_rnaseq,TalinumFacultativeCAM,1SPL01_plants_0,5.0,DB_165,,,,parameter,study type,PECO,http://purl.obolibrary.org/obo/PECO_0007231,17,"{'annotationValue': 'growth chamber study', 'termSource': 'PECO', 'termAccession': 'http://purl.obolibrary.org/obo/PECO_0007269'}",study type
198,Hackathon_ARCexample_rnaseq,TalinumFacultativeCAM,1SPL01_plants_0,5.0,DB_165,,,,parameter,plant growth medium exposure,PECO,http://purl.obolibrary.org/obo/PECO_0007147,19,Miracle-Gro Potting Mix,plant growth medium
199,Hackathon_ARCexample_rnaseq,TalinumFacultativeCAM,1SPL01_plants_0,5.0,DB_165,,,,parameter,growth plot design,NFDI4PSO,http://purl.obolibrary.org/obo/NFDI4PSO_0000001,21,,growth plot design
200,Hackathon_ARCexample_rnaseq,TalinumFacultativeCAM,1SPL01_plants_0,5.0,DB_165,,,,parameter,Growth day length,NFDI4PSO,http://purl.obolibrary.org/obo/NFDI4PSO_0000041,22,12 hr light / 12 hr dark,Growth day length
201,Hackathon_ARCexample_rnaseq,TalinumFacultativeCAM,1SPL01_plants_0,5.0,DB_165,,,,parameter,light intensity exposure,PECO,http://purl.obolibrary.org/obo/PECO_0007224,23,425,light intensity exposure
202,Hackathon_ARCexample_rnaseq,TalinumFacultativeCAM,1SPL01_plants_0,5.0,DB_165,,,,parameter,Humidity Day,NFDI4PSO,http://purl.obolibrary.org/obo/NFDI4PSO_0000005,24,37,Humidity Day
203,Hackathon_ARCexample_rnaseq,TalinumFacultativeCAM,1SPL01_plants_0,5.0,DB_165,,,,parameter,Humidity Night,NFDI4PSO,http://purl.obolibrary.org/obo/NFDI4PSO_0000006,25,37,Humidity Night
204,Hackathon_ARCexample_rnaseq,TalinumFacultativeCAM,1SPL01_plants_0,5.0,DB_165,,,,parameter,Temperature Day,NFDI4PSO,http://purl.obolibrary.org/obo/NFDI4PSO_0000007,26,30,Temperature Day
205,Hackathon_ARCexample_rnaseq,TalinumFacultativeCAM,1SPL01_plants_0,5.0,DB_165,,,,parameter,Temperature Night,NFDI4PSO,http://purl.obolibrary.org/obo/NFDI4PSO_0000008,27,22,Temperature Night
206,Hackathon_ARCexample_rnaseq,TalinumFacultativeCAM,1SPL01_plants_0,5.0,DB_165,,,,parameter,watering exposure,PECO,http://purl.obolibrary.org/obo/PECO_0007383,28,2 days rewatered,watering regimen
207,Hackathon_ARCexample_rnaseq,TalinumFacultativeCAM,1SPL01_plants_0,5.0,DB_165,,,,parameter,plant nutrient exposure,PECO,http://purl.obolibrary.org/obo/PECO_0007241,29,,plant nutrient exposure
208,Hackathon_ARCexample_rnaseq,TalinumFacultativeCAM,1SPL01_plants_0,5.0,DB_165,,,,parameter,abiotic plant exposure,PECO,http://purl.obolibrary.org/obo/PECO_0007191,30,,abiotic plant exposure
209,Hackathon_ARCexample_rnaseq,TalinumFacultativeCAM,1SPL01_plants_0,5.0,DB_165,,,,parameter,biotic plant exposure,PECO,http://purl.obolibrary.org/obo/PECO_0007357,31,,biotic plant exposure
210,Hackathon_ARCexample_rnaseq,TalinumFacultativeCAM,1SPL01_plants_0,5.0,DB_165,,,,parameter,Geographic Area,NFDI4PSO,http://purl.obolibrary.org/obo/NFDI4PSO_0000074,32,,geographic location (region and locality)
211,Hackathon_ARCexample_rnaseq,TalinumFacultativeCAM,1SPL01_plants_0,5.0,DB_165,,,,parameter,Sample Collection Date,NFDI4PSO,http://purl.obolibrary.org/obo/NFDI4PSO_0000075,33,,collection date
212,Hackathon_ARCexample_rnaseq,TalinumFacultativeCAM,1SPL01_plants_0,5.0,DB_165,,,,parameter,Sample Collected By,NFDI4PSO,http://purl.obolibrary.org/obo/NFDI4PSO_0000076,34,,collected_by
213,Hackathon_ARCexample_rnaseq,TalinumFacultativeCAM,1SPL01_plants_0,5.0,DB_165,,,,parameter,Time point,NFDI4PSO,http://purl.obolibrary.org/obo/NFDI4PSO_0000034,35,6 Zeitgeber time,Time point
214,Hackathon_ARCexample_rnaseq,TalinumFacultativeCAM,1SPL01_plants_0,5.0,DB_165,,,,parameter,Photosynthesis mode,,,39,reC3,Photosynthesis mode
215,Hackathon_ARCexample_rnaseq,TalinumFacultativeCAM,1SPL01_plants_0,5.0,DB_165,0.0,CAM_01,DB_097,,,,,,,
216,Hackathon_ARCexample_rnaseq,TalinumFacultativeCAM,1SPL01_plants_0,5.0,DB_165,1.0,CAM_02,DB_099,,,,,,,
217,Hackathon_ARCexample_rnaseq,TalinumFacultativeCAM,1SPL01_plants_0,5.0,DB_165,2.0,CAM_03,DB_103,,,,,,,
218,Hackathon_ARCexample_rnaseq,TalinumFacultativeCAM,1SPL01_plants_0,5.0,DB_165,3.0,reC3_01,DB_161,,,,,,,
219,Hackathon_ARCexample_rnaseq,TalinumFacultativeCAM,1SPL01_plants_0,5.0,DB_165,4.0,reC3_02,DB_163,,,,,,,
220,Hackathon_ARCexample_rnaseq,TalinumFacultativeCAM,1SPL01_plants_0,5.0,DB_165,5.0,reC3_03,DB_165,,,,,,,
221,Hackathon_ARCexample_rnaseq,TalinumFacultativeCAM,2EXT01_RNA_0,5.0,DB_165,5.0,reC3_03,DB_165,parameter,Bio entity,NFDI4PSO,http://purl.obolibrary.org/obo/NFDI4PSO_0000012,0,mRNA,Bio entity
222,Hackathon_ARCexample_rnaseq,TalinumFacultativeCAM,2EXT01_RNA_0,5.0,DB_165,5.0,reC3_03,DB_165,parameter,Extraction method,NFDI4PSO,http://purl.obolibrary.org/obo/NFDI4PSO_0000054,2,Roboklon EURx GeneMATRIX Universal RNA Purification version 2.3 September 2011,Extraction method
223,Hackathon_ARCexample_rnaseq,TalinumFacultativeCAM,2EXT01_RNA_0,5.0,DB_165,5.0,reC3_03,DB_165,parameter,Extraction buffer,NFDI4PSO,http://purl.obolibrary.org/obo/NFDI4PSO_0000050,3,Roboklon commercial buffers,Extraction buffer
224,Hackathon_ARCexample_rnaseq,TalinumFacultativeCAM,2EXT01_RNA_0,5.0,DB_165,5.0,reC3_03,DB_165,parameter,Extraction buffer volume,NFDI4PSO,http://purl.obolibrary.org/obo/NFDI4PSO_0000051,4,300,Extraction buffer volume
225,Hackathon_ARCexample_rnaseq,TalinumFacultativeCAM,2EXT01_RNA_0,5.0,reC3_03,0.0,CAM_01_ext,CAM_01,factor,Biosource amount,NFDI4PSO,http://purl.obolibrary.org/obo/NFDI4PSO_0000013,1,80,Biosource amount
226,Hackathon_ARCexample_rnaseq,TalinumFacultativeCAM,2EXT01_RNA_0,5.0,reC3_03,0.0,CAM_01_ext,CAM_01,factor,RNA quality check,NFDI4PSO,http://purl.obolibrary.org/obo/NFDI4PSO_0000062,5,RIN 7.6 (Agilent Bioanalyzer 2100 expert_Plant RNA Nano),RNA quality check
227,Hackathon_ARCexample_rnaseq,TalinumFacultativeCAM,2EXT01_RNA_0,5.0,reC3_03,1.0,CAM_02_ext,CAM_02,factor,Biosource amount,NFDI4PSO,http://purl.obolibrary.org/obo/NFDI4PSO_0000013,1,78,Biosource amount
228,Hackathon_ARCexample_rnaseq,TalinumFacultativeCAM,2EXT01_RNA_0,5.0,reC3_03,1.0,CAM_02_ext,CAM_02,factor,RNA quality check,NFDI4PSO,http://purl.obolibrary.org/obo/NFDI4PSO_0000062,5,RIN 7.7 (Agilent Bioanalyzer 2100 expert_Plant RNA Nano),RNA quality check
229,Hackathon_ARCexample_rnaseq,TalinumFacultativeCAM,2EXT01_RNA_0,5.0,reC3_03,2.0,CAM_03_ext,CAM_03,factor,Biosource amount,NFDI4PSO,http://purl.obolibrary.org/obo/NFDI4PSO_0000013,1,93,Biosource amount
230,Hackathon_ARCexample_rnaseq,TalinumFacultativeCAM,2EXT01_RNA_0,5.0,reC3_03,2.0,CAM_03_ext,CAM_03,factor,RNA quality check,NFDI4PSO,http://purl.obolibrary.org/obo/NFDI4PSO_0000062,5,RIN 6.5 (Agilent Bioanalyzer 2100 expert_Plant RNA Nano),RNA quality check
231,Hackathon_ARCexample_rnaseq,TalinumFacultativeCAM,2EXT01_RNA_0,5.0,reC3_03,3.0,reC3_01_ext,reC3_01,factor,Biosource amount,NFDI4PSO,http://purl.obolibrary.org/obo/NFDI4PSO_0000013,1,82,Biosource amount
232,Hackathon_ARCexample_rnaseq,TalinumFacultativeCAM,2EXT01_RNA_0,5.0,reC3_03,3.0,reC3_01_ext,reC3_01,factor,RNA quality check,NFDI4PSO,http://purl.obolibrary.org/obo/NFDI4PSO_0000062,5,RIN 7.8 (Agilent Bioanalyzer 2100 expert_Plant RNA Nano),RNA quality check
233,Hackathon_ARCexample_rnaseq,TalinumFacultativeCAM,2EXT01_RNA_0,5.0,reC3_03,4.0,reC3_02_ext,reC3_02,factor,Biosource amount,NFDI4PSO,http://purl.obolibrary.org/obo/NFDI4PSO_0000013,1,96,Biosource amount
234,Hackathon_ARCexample_rnaseq,TalinumFacultativeCAM,2EXT01_RNA_0,5.0,reC3_03,4.0,reC3_02_ext,reC3_02,factor,RNA quality check,NFDI4PSO,http://purl.obolibrary.org/obo/NFDI4PSO_0000062,5,RIN 7.6 (Agilent Bioanalyzer 2100 expert_Plant RNA Nano),RNA quality check
235,Hackathon_ARCexample_rnaseq,TalinumFacultativeCAM,2EXT01_RNA_0,5.0,reC3_03,5.0,reC3_03_ext,reC3_03,factor,Biosource amount,NFDI4PSO,http://purl.obolibrary.org/obo/NFDI4PSO_0000013,1,78,Biosource amount
236,Hackathon_ARCexample_rnaseq,TalinumFacultativeCAM,2EXT01_RNA_0,5.0,reC3_03,5.0,reC3_03_ext,reC3_03,factor,RNA quality check,NFDI4PSO,http://purl.obolibrary.org/obo/NFDI4PSO_0000062,5,RIN 7.6 (Agilent Bioanalyzer 2100 expert_Plant RNA Nano),RNA quality check
237,Hackathon_ARCexample_rnaseq,TalinumFacultativeCAM,3ASY01_RNASeq_0,5.0,reC3_03,5.0,reC3_03_ext,reC3_03,parameter,Library strategy,NFDI4PSO,http://purl.obolibrary.org/obo/NFDI4PSO_0000035,0,RNA-Seq,Library strategy
238,Hackathon_ARCexample_rnaseq,TalinumFacultativeCAM,3ASY01_RNASeq_0,5.0,reC3_03,5.0,reC3_03_ext,reC3_03,parameter,Library Selection,NFDI4PSO,http://purl.obolibrary.org/obo/NFDI4PSO_0000036,1,cDNA method,Library Selection
239,Hackathon_ARCexample_rnaseq,TalinumFacultativeCAM,3ASY01_RNASeq_0,5.0,reC3_03,5.0,reC3_03_ext,reC3_03,parameter,Library layout,,,2,single,Library layout
240,Hackathon_ARCexample_rnaseq,TalinumFacultativeCAM,3ASY01_RNASeq_0,5.0,reC3_03,5.0,reC3_03_ext,reC3_03,parameter,rRNA Depletion,,,3,DNase (New England Biolabs),rRNA Depletion
241,Hackathon_ARCexample_rnaseq,TalinumFacultativeCAM,3ASY01_RNASeq_0,5.0,reC3_03,5.0,reC3_03_ext,reC3_03,parameter,Library preparation kit,NFDI4PSO,http://purl.obolibrary.org/obo/NFDI4PSO_0000037,4,Illumina TruSeq RNA Sample Prep Kit,Library preparation kit
242,Hackathon_ARCexample_rnaseq,TalinumFacultativeCAM,3ASY01_RNASeq_0,5.0,reC3_03,5.0,reC3_03_ext,reC3_03,parameter,Library preparation kit version,NFDI4PSO,http://purl.obolibrary.org/obo/NFDI4PSO_0000038,5,version 2,Library preparation kit version
243,Hackathon_ARCexample_rnaseq,TalinumFacultativeCAM,3ASY01_RNASeq_0,5.0,reC3_03,5.0,reC3_03_ext,reC3_03,parameter,Library RNA amount,NFDI4PSO,http://purl.obolibrary.org/obo/NFDI4PSO_0000016,7,,Library RNA amount
244,Hackathon_ARCexample_rnaseq,TalinumFacultativeCAM,3ASY01_RNASeq_0,5.0,reC3_03,5.0,reC3_03_ext,reC3_03,parameter,Next generation sequencing instrument model,NFDI4PSO,http://purl.obolibrary.org/obo/NFDI4PSO_0000040,8,Illumina HiSeq 2000 Rapid Run,Next generation sequencing instrument model
245,Hackathon_ARCexample_rnaseq,TalinumFacultativeCAM,3ASY01_RNASeq_0,5.0,reC3_03,5.0,reC3_03_ext,reC3_03,parameter,Base-calling Software,NFDI4PSO,http://purl.obolibrary.org/obo/NFDI4PSO_0000017,9,Illumina Cassava,Base-calling Software
246,Hackathon_ARCexample_rnaseq,TalinumFacultativeCAM,3ASY01_RNASeq_0,5.0,reC3_03,5.0,reC3_03_ext,reC3_03,parameter,Base-calling Software Version,NFDI4PSO,http://purl.obolibrary.org/obo/NFDI4PSO_0000018,10,v1.8.2,Base-calling Software Version
247,Hackathon_ARCexample_rnaseq,TalinumFacultativeCAM,3ASY01_RNASeq_0,5.0,reC3_03,5.0,reC3_03_ext,reC3_03,parameter,Base-calling Software Parameters,NFDI4PSO,http://purl.obolibrary.org/obo/NFDI4PSO_0000019,11,,Base-calling Software Parameters
248,Hackathon_ARCexample_rnaseq,TalinumFacultativeCAM,3ASY01_RNASeq_0,5.0,reC3_03,5.0,reC3_03_ext,reC3_03,parameter,Library strand,NFDI4PSO,http://purl.obolibrary.org/obo/NFDI4PSO_0000020,12,Forward,Library strand
249,Hackathon_ARCexample_rnaseq,TalinumFacultativeCAM,3ASY01_RNASeq_0,5.0,reC3_03,5.0,reC3_03_ext,reC3_03,parameter,Raw data file format,NFDI4PSO,http://purl.obolibrary.org/obo/NFDI4PSO_0000021,13,*.fastq.gz,Raw data file format
250,Hackathon_ARCexample_rnaseq,TalinumFacultativeCAM,3ASY01_RNASeq_0,5.0,reC3_03,5.0,reC3_03_ext,reC3_03,parameter,Raw data file checksum,NFDI4PSO,http://purl.obolibrary.org/obo/NFDI4PSO_0000022,14,,Raw data file checksum
251,Hackathon_ARCexample_rnaseq,TalinumFacultativeCAM,3ASY01_RNASeq_0,0.0,CAM_01_ext,,,CAM_01,factor,Biosource amount,NFDI4PSO,http://purl.obolibrary.org/obo/NFDI4PSO_0000013,1,80,Biosource amount
252,Hackathon_ARCexample_rnaseq,TalinumFacultativeCAM,3ASY01_RNASeq_0,0.0,CAM_01_ext,,,CAM_01,factor,RNA quality check,NFDI4PSO,http://purl.obolibrary.org/obo/NFDI4PSO_0000062,5,RIN 7.6 (Agilent Bioanalyzer 2100 expert_Plant RNA Nano),RNA quality check
253,Hackathon_ARCexample_rnaseq,TalinumFacultativeCAM,3ASY01_RNASeq_0,1.0,CAM_01_ext,,,CAM_01,factor,Biosource amount,NFDI4PSO,http://purl.obolibrary.org/obo/NFDI4PSO_0000013,1,80,Biosource amount
254,Hackathon_ARCexample_rnaseq,TalinumFacultativeCAM,3ASY01_RNASeq_0,1.0,CAM_01_ext,,,CAM_01,factor,RNA quality check,NFDI4PSO,http://purl.obolibrary.org/obo/NFDI4PSO_0000062,5,RIN 7.6 (Agilent Bioanalyzer 2100 expert_Plant RNA Nano),RNA quality check
255,Hackathon_ARCexample_rnaseq,TalinumFacultativeCAM,3ASY01_RNASeq_0,2.0,CAM_02_ext,,,CAM_02,factor,Biosource amount,NFDI4PSO,http://purl.obolibrary.org/obo/NFDI4PSO_0000013,1,78,Biosource amount
256,Hackathon_ARCexample_rnaseq,TalinumFacultativeCAM,3ASY01_RNASeq_0,2.0,CAM_02_ext,,,CAM_02,factor,RNA quality check,NFDI4PSO,http://purl.obolibrary.org/obo/NFDI4PSO_0000062,5,RIN 7.7 (Agilent Bioanalyzer 2100 expert_Plant RNA Nano),RNA quality check
257,Hackathon_ARCexample_rnaseq,TalinumFacultativeCAM,3ASY01_RNASeq_0,3.0,CAM_02_ext,,,CAM_02,factor,Biosource amount,NFDI4PSO,http://purl.obolibrary.org/obo/NFDI4PSO_0000013,1,78,Biosource amount
258,Hackathon_ARCexample_rnaseq,TalinumFacultativeCAM,3ASY01_RNASeq_0,3.0,CAM_02_ext,,,CAM_02,factor,RNA quality check,NFDI4PSO,http://purl.obolibrary.org/obo/NFDI4PSO_0000062,5,RIN 7.7 (Agilent Bioanalyzer 2100 expert_Plant RNA Nano),RNA quality check
259,Hackathon_ARCexample_rnaseq,TalinumFacultativeCAM,3ASY01_RNASeq_0,4.0,CAM_03_ext,,,CAM_03,factor,Biosource amount,NFDI4PSO,http://purl.obolibrary.org/obo/NFDI4PSO_0000013,1,93,Biosource amount
260,Hackathon_ARCexample_rnaseq,TalinumFacultativeCAM,3ASY01_RNASeq_0,4.0,CAM_03_ext,,,CAM_03,factor,RNA quality check,NFDI4PSO,http://purl.obolibrary.org/obo/NFDI4PSO_0000062,5,RIN 6.5 (Agilent Bioanalyzer 2100 expert_Plant RNA Nano),RNA quality check
261,Hackathon_ARCexample_rnaseq,TalinumFacultativeCAM,3ASY01_RNASeq_0,5.0,CAM_03_ext,,,CAM_03,factor,Biosource amount,NFDI4PSO,http://purl.obolibrary.org/obo/NFDI4PSO_0000013,1,93,Biosource amount
262,Hackathon_ARCexample_rnaseq,TalinumFacultativeCAM,3ASY01_RNASeq_0,5.0,CAM_03_ext,,,CAM_03,factor,RNA quality check,NFDI4PSO,http://purl.obolibrary.org/obo/NFDI4PSO_0000062,5,RIN 6.5 (Agilent Bioanalyzer 2100 expert_Plant RNA Nano),RNA quality check
263,Hackathon_ARCexample_rnaseq,TalinumFacultativeCAM,3ASY01_RNASeq_0,6.0,reC3_01_ext,,,reC3_01,factor,Biosource amount,NFDI4PSO,http://purl.obolibrary.org/obo/NFDI4PSO_0000013,1,82,Biosource amount
264,Hackathon_ARCexample_rnaseq,TalinumFacultativeCAM,3ASY01_RNASeq_0,6.0,reC3_01_ext,,,reC3_01,factor,RNA quality check,NFDI4PSO,http://purl.obolibrary.org/obo/NFDI4PSO_0000062,5,RIN 7.8 (Agilent Bioanalyzer 2100 expert_Plant RNA Nano),RNA quality check
265,Hackathon_ARCexample_rnaseq,TalinumFacultativeCAM,3ASY01_RNASeq_0,7.0,reC3_01_ext,,,reC3_01,factor,Biosource amount,NFDI4PSO,http://purl.obolibrary.org/obo/NFDI4PSO_0000013,1,82,Biosource amount
266,Hackathon_ARCexample_rnaseq,TalinumFacultativeCAM,3ASY01_RNASeq_0,7.0,reC3_01_ext,,,reC3_01,factor,RNA quality check,NFDI4PSO,http://purl.obolibrary.org/obo/NFDI4PSO_0000062,5,RIN 7.8 (Agilent Bioanalyzer 2100 expert_Plant RNA Nano),RNA quality check
267,Hackathon_ARCexample_rnaseq,TalinumFacultativeCAM,3ASY01_RNASeq_0,8.0,reC3_02_ext,,,reC3_02,factor,Biosource amount,NFDI4PSO,http://purl.obolibrary.org/obo/NFDI4PSO_0000013,1,96,Biosource amount
268,Hackathon_ARCexample_rnaseq,TalinumFacultativeCAM,3ASY01_RNASeq_0,8.0,reC3_02_ext,,,reC3_02,factor,RNA quality check,NFDI4PSO,http://purl.obolibrary.org/obo/NFDI4PSO_0000062,5,RIN 7.6 (Agilent Bioanalyzer 2100 expert_Plant RNA Nano),RNA quality check
269,Hackathon_ARCexample_rnaseq,TalinumFacultativeCAM,3ASY01_RNASeq_0,9.0,reC3_02_ext,,,reC3_02,factor,Biosource amount,NFDI4PSO,http://purl.obolibrary.org/obo/NFDI4PSO_0000013,1,96,Biosource amount
270,Hackathon_ARCexample_rnaseq,TalinumFacultativeCAM,3ASY01_RNASeq_0,9.0,reC3_02_ext,,,reC3_02,factor,RNA quality check,NFDI4PSO,http://purl.obolibrary.org/obo/NFDI4PSO_0000062,5,RIN 7.6 (Agilent Bioanalyzer 2100 expert_Plant RNA Nano),RNA quality check
271,Hackathon_ARCexample_rnaseq,TalinumFacultativeCAM,3ASY01_RNASeq_0,10.0,reC3_03_ext,,,reC3_03,factor,Biosource amount,NFDI4PSO,http://purl.obolibrary.org/obo/NFDI4PSO_0000013,1,78,Biosource amount
272,Hackathon_ARCexample_rnaseq,TalinumFacultativeCAM,3ASY01_RNASeq_0,10.0,reC3_03_ext,,,reC3_03,factor,RNA quality check,NFDI4PSO,http://purl.obolibrary.org/obo/NFDI4PSO_0000062,5,RIN 7.6 (Agilent Bioanalyzer 2100 expert_Plant RNA Nano),RNA quality check
273,Hackathon_ARCexample_rnaseq,TalinumFacultativeCAM,3ASY01_RNASeq_0,11.0,reC3_03_ext,,,reC3_03,factor,Biosource amount,NFDI4PSO,http://purl.obolibrary.org/obo/NFDI4PSO_0000013,1,78,Biosource amount
274,Hackathon_ARCexample_rnaseq,TalinumFacultativeCAM,3ASY01_RNASeq_0,11.0,reC3_03_ext,,,reC3_03,factor,RNA quality check,NFDI4PSO,http://purl.obolibrary.org/obo/NFDI4PSO_0000062,5,RIN 7.6 (Agilent Bioanalyzer 2100 expert_Plant RNA Nano),RNA quality check
275,Hackathon_ARCexample_rnaseq,TalinumFacultativeCAM,3ASY01_RNASeq_0,11.0,reC3_03_ext,0.0,DB_097_CAMMD_CAGATC_L001_R1_001.fastq.gz,,factor,Adapter sequence,NFDI4PSO,http://purl.obolibrary.org/obo/NFDI4PSO_0000039,6,CAGATC,Adapter sequence
276,Hackathon_ARCexample_rnaseq,TalinumFacultativeCAM,3ASY01_RNASeq_0,11.0,reC3_03_ext,1.0,DB_097_CAMMD_CAGATC_L001_R1_001.fastq.gz,,Raw Data File,,,,,,
277,Hackathon_ARCexample_rnaseq,TalinumFacultativeCAM,3ASY01_RNASeq_0,11.0,reC3_03_ext,2.0,DB_099_CAMMD_CTTGTA_L001_R1_001.fastq.gz,,factor,Adapter sequence,NFDI4PSO,http://purl.obolibrary.org/obo/NFDI4PSO_0000039,6,CTTGTA,Adapter sequence
278,Hackathon_ARCexample_rnaseq,TalinumFacultativeCAM,3ASY01_RNASeq_0,11.0,reC3_03_ext,3.0,DB_099_CAMMD_CTTGTA_L001_R1_001.fastq.gz,,Raw Data File,,,,,,
279,Hackathon_ARCexample_rnaseq,TalinumFacultativeCAM,3ASY01_RNASeq_0,11.0,reC3_03_ext,4.0,DB_103_CAMMD_AGTCAA_L001_R1_001.fastq.gz,,factor,Adapter sequence,NFDI4PSO,http://purl.obolibrary.org/obo/NFDI4PSO_0000039,6,AGTCAA,Adapter sequence
280,Hackathon_ARCexample_rnaseq,TalinumFacultativeCAM,3ASY01_RNASeq_0,11.0,reC3_03_ext,5.0,DB_103_CAMMD_AGTCAA_L001_R1_001.fastq.gz,,Raw Data File,,,,,,
281,Hackathon_ARCexample_rnaseq,TalinumFacultativeCAM,3ASY01_RNASeq_0,11.0,reC3_03_ext,6.0,DB_161_reC3MD_GTCCGC_L001_R1_001.fastq.gz,,factor,Adapter sequence,NFDI4PSO,http://purl.obolibrary.org/obo/NFDI4PSO_0000039,6,GTCCGC,Adapter sequence
282,Hackathon_ARCexample_rnaseq,TalinumFacultativeCAM,3ASY01_RNASeq_0,11.0,reC3_03_ext,7.0,DB_161_reC3MD_GTCCGC_L001_R1_001.fastq.gz,,Raw Data File,,,,,,
283,Hackathon_ARCexample_rnaseq,TalinumFacultativeCAM,3ASY01_RNASeq_0,11.0,reC3_03_ext,8.0,DB_163_reC3MD_GTGAAA_L001_R1_001.fastq.gz,,factor,Adapter sequence,NFDI4PSO,http://purl.obolibrary.org/obo/NFDI4PSO_0000039,6,GTGAAA,Adapter sequence
284,Hackathon_ARCexample_rnaseq,TalinumFacultativeCAM,3ASY01_RNASeq_0,11.0,reC3_03_ext,9.0,DB_163_reC3MD_GTGAAA_L001_R1_001.fastq.gz,,Raw Data File,,,,,,
285,Hackathon_ARCexample_rnaseq,TalinumFacultativeCAM,3ASY01_RNASeq_0,11.0,reC3_03_ext,10.0,DB_165_re-C3MD_GTGAAA_L002_R1_001.fastq.gz,,factor,Adapter sequence,NFDI4PSO,http://purl.obolibrary.org/obo/NFDI4PSO_0000039,6,GTGAAA,Adapter sequence
286,Hackathon_ARCexample_rnaseq,TalinumFacultativeCAM,3ASY01_RNASeq_0,11.0,reC3_03_ext,11.0,DB_165_re-C3MD_GTGAAA_L002_R1_001.fastq.gz,,Raw Data File,,,,,,
287,Hackathon_ARCexample_rnaseq,TalinumFacultativeCAM,4COM01_RNASeq_0,11.0,reC3_03_ext,11.0,DB_165_re-C3MD_GTGAAA_L002_R1_001.fastq.gz,,parameter,Data filtering software,NFDI4PSO,http://purl.obolibrary.org/obo/NFDI4PSO_0000023,0,,Data filtering software
288,Hackathon_ARCexample_rnaseq,TalinumFacultativeCAM,4COM01_RNASeq_0,11.0,reC3_03_ext,11.0,DB_165_re-C3MD_GTGAAA_L002_R1_001.fastq.gz,,parameter,Data filtering software version,NFDI4PSO,http://purl.obolibrary.org/obo/NFDI4PSO_0000024,1,,Data filtering software version
289,Hackathon_ARCexample_rnaseq,TalinumFacultativeCAM,4COM01_RNASeq_0,11.0,reC3_03_ext,11.0,DB_165_re-C3MD_GTGAAA_L002_R1_001.fastq.gz,,parameter,Data filtering Software Parameters,NFDI4PSO,http://purl.obolibrary.org/obo/NFDI4PSO_0000025,2,,Data filtering Software Parameters
290,Hackathon_ARCexample_rnaseq,TalinumFacultativeCAM,4COM01_RNASeq_0,11.0,reC3_03_ext,11.0,DB_165_re-C3MD_GTGAAA_L002_R1_001.fastq.gz,,parameter,Read Alignment Software,NFDI4PSO,http://purl.obolibrary.org/obo/NFDI4PSO_0000002,3,BLAT,Read Alignment Software
291,Hackathon_ARCexample_rnaseq,TalinumFacultativeCAM,4COM01_RNASeq_0,11.0,reC3_03_ext,11.0,DB_165_re-C3MD_GTGAAA_L002_R1_001.fastq.gz,,parameter,Read Alignment Software Version,NFDI4PSO,http://purl.obolibrary.org/obo/NFDI4PSO_0000003,4,,Read Alignment Software Version
292,Hackathon_ARCexample_rnaseq,TalinumFacultativeCAM,4COM01_RNASeq_0,11.0,reC3_03_ext,11.0,DB_165_re-C3MD_GTGAAA_L002_R1_001.fastq.gz,,parameter,Read Alignment Software Parameters,NFDI4PSO,http://purl.obolibrary.org/obo/NFDI4PSO_0000004,5,,Read Alignment Software Parameters
293,Hackathon_ARCexample_rnaseq,TalinumFacultativeCAM,4COM01_RNASeq_0,11.0,reC3_03_ext,11.0,DB_165_re-C3MD_GTGAAA_L002_R1_001.fastq.gz,,parameter,Genome reference sequence,NFDI4PSO,http://purl.obolibrary.org/obo/NFDI4PSO_0000026,6,Arabidopsis TAIR10 CDS,Genome reference sequence
294,Hackathon_ARCexample_rnaseq,TalinumFacultativeCAM,4COM01_RNASeq_0,11.0,reC3_03_ext,11.0,DB_165_re-C3MD_GTGAAA_L002_R1_001.fastq.gz,,parameter,Processed data file name,NFDI4PSO,http://purl.obolibrary.org/obo/NFDI4PSO_0000028,7,,Processed data file name
295,Hackathon_ARCexample_rnaseq,TalinumFacultativeCAM,4COM01_RNASeq_0,11.0,reC3_03_ext,11.0,DB_165_re-C3MD_GTGAAA_L002_R1_001.fastq.gz,,parameter,Processed data file format,NFDI4PSO,http://purl.obolibrary.org/obo/NFDI4PSO_0000027,8,,Processed data file format
296,Hackathon_ARCexample_rnaseq,TalinumFacultativeCAM,4COM01_RNASeq_0,11.0,reC3_03_ext,11.0,DB_165_re-C3MD_GTGAAA_L002_R1_001.fastq.gz,,parameter,Processed data file checksum,NFDI4PSO,http://purl.obolibrary.org/obo/NFDI4PSO_0000029,9,,Processed data file checksum
297,Hackathon_ARCexample_rnaseq,TalinumFacultativeCAM,4COM01_RNASeq_0,,,0.0,DB_097_CAMMD_CAGATC_L001_R1_001.fastq.gz,,factor,Adapter sequence,NFDI4PSO,http://purl.obolibrary.org/obo/NFDI4PSO_0000039,6,CAGATC,Adapter sequence
298,Hackathon_ARCexample_rnaseq,TalinumFacultativeCAM,4COM01_RNASeq_0,,,1.0,DB_097_CAMMD_CAGATC_L001_R1_001.fastq.gz,,Raw Data File,,,,,,
299,Hackathon_ARCexample_rnaseq,TalinumFacultativeCAM,4COM01_RNASeq_0,,,2.0,DB_099_CAMMD_CTTGTA_L001_R1_001.fastq.gz,,factor,Adapter sequence,NFDI4PSO,http://purl.obolibrary.org/obo/NFDI4PSO_0000039,6,CTTGTA,Adapter sequence
300,Hackathon_ARCexample_rnaseq,TalinumFacultativeCAM,4COM01_RNASeq_0,,,3.0,DB_099_CAMMD_CTTGTA_L001_R1_001.fastq.gz,,Raw Data File,,,,,,
301,Hackathon_ARCexample_rnaseq,TalinumFacultativeCAM,4COM01_RNASeq_0,,,4.0,DB_103_CAMMD_AGTCAA_L001_R1_001.fastq.gz,,factor,Adapter sequence,NFDI4PSO,http://purl.obolibrary.org/obo/NFDI4PSO_0000039,6,AGTCAA,Adapter sequence
302,Hackathon_ARCexample_rnaseq,TalinumFacultativeCAM,4COM01_RNASeq_0,,,5.0,DB_103_CAMMD_AGTCAA_L001_R1_001.fastq.gz,,Raw Data File,,,,,,
303,Hackathon_ARCexample_rnaseq,TalinumFacultativeCAM,4COM01_RNASeq_0,,,6.0,DB_161_reC3MD_GTCCGC_L001_R1_001.fastq.gz,,factor,Adapter sequence,NFDI4PSO,http://purl.obolibrary.org/obo/NFDI4PSO_0000039,6,GTCCGC,Adapter sequence
304,Hackathon_ARCexample_rnaseq,TalinumFacultativeCAM,4COM01_RNASeq_0,,,7.0,DB_161_reC3MD_GTCCGC_L001_R1_001.fastq.gz,,Raw Data File,,,,,,
305,Hackathon_ARCexample_rnaseq,TalinumFacultativeCAM,4COM01_RNASeq_0,,,8.0,DB_163_reC3MD_GTGAAA_L001_R1_001.fastq.gz,,factor,Adapter sequence,NFDI4PSO,http://purl.obolibrary.org/obo/NFDI4PSO_0000039,6,GTGAAA,Adapter sequence
306,Hackathon_ARCexample_rnaseq,TalinumFacultativeCAM,4COM01_RNASeq_0,,,9.0,DB_163_reC3MD_GTGAAA_L001_R1_001.fastq.gz,,Raw Data File,,,,,,
307,Hackathon_ARCexample_rnaseq,TalinumFacultativeCAM,4COM01_RNASeq_0,,,10.0,DB_165_re-C3MD_GTGAAA_L002_R1_001.fastq.gz,,factor,Adapter sequence,NFDI4PSO,http://purl.obolibrary.org/obo/NFDI4PSO_0000039,6,GTGAAA,Adapter sequence
308,Hackathon_ARCexample_rnaseq,TalinumFacultativeCAM,4COM01_RNASeq_0,,,11.0,DB_165_re-C3MD_GTGAAA_L002_R1_001.fastq.gz,,Raw Data File,,,,,,
