,file_id,arc_id,subsection_id,input_id,input_name,output_id,output_name,derived_from,term_type,term_name,term_source,term_accession,index_value,value
0,Hackathon_ARCexample_rnaseq,TalinumFacultativeCAM,1SPL01_plants_0,,,,,,parameter,growth chamber company,,,18,"Environmental Growth Chambers, Ohio"
1,Hackathon_ARCexample_rnaseq,TalinumFacultativeCAM,1SPL01_plants_0,,,,,,parameter,Flower pot,,,20,"Stuewe and Sons ""Short-One"" treepots, 1.6 L"
2,Hackathon_ARCexample_rnaseq,TalinumFacultativeCAM,1SPL01_plants_0,,,,,,parameter,Sample Collection Method,NFDI4PSO,http://purl.obolibrary.org/obo/NFDI4PSO_0000009,36,
3,Hackathon_ARCexample_rnaseq,TalinumFacultativeCAM,1SPL01_plants_0,,,,,,parameter,Metabolism quenching method,NFDI4PSO,http://purl.obolibrary.org/obo/NFDI4PSO_0000010,37,Shock-freeze in liquid nitrogen
4,Hackathon_ARCexample_rnaseq,TalinumFacultativeCAM,1SPL01_plants_0,,,,,,parameter,Sample storage,NFDI4PSO,http://purl.obolibrary.org/obo/NFDI4PSO_0000011,38,
5,Hackathon_ARCexample_rnaseq,TalinumFacultativeCAM,1SPL01_plants_0,0.0,DB_097,,,,parameter,Sample type,NFDI4PSO,http://purl.obolibrary.org/obo/NFDI4PSO_0000064,0,
6,Hackathon_ARCexample_rnaseq,TalinumFacultativeCAM,1SPL01_plants_0,0.0,DB_097,,,,parameter,Biological replicate,NFDI4PSO,http://purl.obolibrary.org/obo/NFDI4PSO_0000042,1,rep1
7,Hackathon_ARCexample_rnaseq,TalinumFacultativeCAM,1SPL01_plants_0,0.0,DB_097,,,,parameter,Organism,NFDI4PSO,http://purl.obolibrary.org/obo/NFDI4PSO_0000030,2,Talinum triangulare
8,Hackathon_ARCexample_rnaseq,TalinumFacultativeCAM,1SPL01_plants_0,0.0,DB_097,,,,parameter,Isolate,NFDI4PSO,http://purl.obolibrary.org/obo/NFDI4PSO_0000065,3,
9,Hackathon_ARCexample_rnaseq,TalinumFacultativeCAM,1SPL01_plants_0,0.0,DB_097,,,,parameter,Cultivar,NFDI4PSO,http://purl.obolibrary.org/obo/NFDI4PSO_0000066,4,
10,Hackathon_ARCexample_rnaseq,TalinumFacultativeCAM,1SPL01_plants_0,0.0,DB_097,,,,parameter,Ecotype,NFDI4PSO,http://purl.obolibrary.org/obo/NFDI4PSO_0000067,5,
11,Hackathon_ARCexample_rnaseq,TalinumFacultativeCAM,1SPL01_plants_0,0.0,DB_097,,,,parameter,Genotype,NFDI4PSO,http://purl.obolibrary.org/obo/NFDI4PSO_0000031,6,
12,Hackathon_ARCexample_rnaseq,TalinumFacultativeCAM,1SPL01_plants_0,0.0,DB_097,,,,parameter,population,OBI,http://purl.obolibrary.org/obo/OBI_0000181,7,
13,Hackathon_ARCexample_rnaseq,TalinumFacultativeCAM,1SPL01_plants_0,0.0,DB_097,,,,parameter,Organism part,NFDI4PSO,http://purl.obolibrary.org/obo/NFDI4PSO_0000032,8,"{'annotationValue': 'Leaf', 'termSource': 'PO', 'termAccession': 'http://purl.obolibrary.org/obo/PO_0025034'}"
14,Hackathon_ARCexample_rnaseq,TalinumFacultativeCAM,1SPL01_plants_0,0.0,DB_097,,,,parameter,Cell line,NFDI4PSO,http://purl.obolibrary.org/obo/NFDI4PSO_0000068,9,
15,Hackathon_ARCexample_rnaseq,TalinumFacultativeCAM,1SPL01_plants_0,0.0,DB_097,,,,parameter,Cell type,NFDI4PSO,http://purl.obolibrary.org/obo/NFDI4PSO_0000069,10,
16,Hackathon_ARCexample_rnaseq,TalinumFacultativeCAM,1SPL01_plants_0,0.0,DB_097,,,,parameter,age,NFDI4PSO,http://purl.obolibrary.org/obo/NFDI4PSO_0000033,11,28 days after germination
17,Hackathon_ARCexample_rnaseq,TalinumFacultativeCAM,1SPL01_plants_0,0.0,DB_097,,,,parameter,Developmental Stage,NFDI4PSO,http://purl.obolibrary.org/obo/NFDI4PSO_0000070,12,
18,Hackathon_ARCexample_rnaseq,TalinumFacultativeCAM,1SPL01_plants_0,0.0,DB_097,,,,parameter,Plant disease,NFDI4PSO,http://purl.obolibrary.org/obo/NFDI4PSO_0000071,13,
19,Hackathon_ARCexample_rnaseq,TalinumFacultativeCAM,1SPL01_plants_0,0.0,DB_097,,,,parameter,Plant disease stage,NFDI4PSO,http://purl.obolibrary.org/obo/NFDI4PSO_0000072,14,
20,Hackathon_ARCexample_rnaseq,TalinumFacultativeCAM,1SPL01_plants_0,0.0,DB_097,,,,parameter,Phenotype,NFDI4PSO,http://purl.obolibrary.org/obo/NFDI4PSO_0000073,15,
21,Hackathon_ARCexample_rnaseq,TalinumFacultativeCAM,1SPL01_plants_0,0.0,DB_097,,,,parameter,whole plant size,TO,http://purl.obolibrary.org/obo/TO_1000012,16,
22,Hackathon_ARCexample_rnaseq,TalinumFacultativeCAM,1SPL01_plants_0,0.0,DB_097,,,,parameter,study type,PECO,http://purl.obolibrary.org/obo/PECO_0007231,17,"{'annotationValue': 'growth chamber study', 'termSource': 'PECO', 'termAccession': 'http://purl.obolibrary.org/obo/PECO_0007269'}"
23,Hackathon_ARCexample_rnaseq,TalinumFacultativeCAM,1SPL01_plants_0,0.0,DB_097,,,,parameter,plant growth medium exposure,PECO,http://purl.obolibrary.org/obo/PECO_0007147,19,Miracle-Gro Potting Mix
24,Hackathon_ARCexample_rnaseq,TalinumFacultativeCAM,1SPL01_plants_0,0.0,DB_097,,,,parameter,growth plot design,NFDI4PSO,http://purl.obolibrary.org/obo/NFDI4PSO_0000001,21,
25,Hackathon_ARCexample_rnaseq,TalinumFacultativeCAM,1SPL01_plants_0,0.0,DB_097,,,,parameter,Growth day length,NFDI4PSO,http://purl.obolibrary.org/obo/NFDI4PSO_0000041,22,12 hr light / 12 hr dark
26,Hackathon_ARCexample_rnaseq,TalinumFacultativeCAM,1SPL01_plants_0,0.0,DB_097,,,,parameter,light intensity exposure,PECO,http://purl.obolibrary.org/obo/PECO_0007224,23,425
27,Hackathon_ARCexample_rnaseq,TalinumFacultativeCAM,1SPL01_plants_0,0.0,DB_097,,,,parameter,Humidity Day,NFDI4PSO,http://purl.obolibrary.org/obo/NFDI4PSO_0000005,24,37
28,Hackathon_ARCexample_rnaseq,TalinumFacultativeCAM,1SPL01_plants_0,0.0,DB_097,,,,parameter,Humidity Night,NFDI4PSO,http://purl.obolibrary.org/obo/NFDI4PSO_0000006,25,37
29,Hackathon_ARCexample_rnaseq,TalinumFacultativeCAM,1SPL01_plants_0,0.0,DB_097,,,,parameter,Temperature Day,NFDI4PSO,http://purl.obolibrary.org/obo/NFDI4PSO_0000007,26,30
30,Hackathon_ARCexample_rnaseq,TalinumFacultativeCAM,1SPL01_plants_0,0.0,DB_097,,,,parameter,Temperature Night,NFDI4PSO,http://purl.obolibrary.org/obo/NFDI4PSO_0000008,27,22
31,Hackathon_ARCexample_rnaseq,TalinumFacultativeCAM,1SPL01_plants_0,0.0,DB_097,,,,parameter,watering exposure,PECO,http://purl.obolibrary.org/obo/PECO_0007383,28,12 days drought
32,Hackathon_ARCexample_rnaseq,TalinumFacultativeCAM,1SPL01_plants_0,0.0,DB_097,,,,parameter,plant nutrient exposure,PECO,http://purl.obolibrary.org/obo/PECO_0007241,29,
33,Hackathon_ARCexample_rnaseq,TalinumFacultativeCAM,1SPL01_plants_0,0.0,DB_097,,,,parameter,abiotic plant exposure,PECO,http://purl.obolibrary.org/obo/PECO_0007191,30,
34,Hackathon_ARCexample_rnaseq,TalinumFacultativeCAM,1SPL01_plants_0,0.0,DB_097,,,,parameter,biotic plant exposure,PECO,http://purl.obolibrary.org/obo/PECO_0007357,31,
35,Hackathon_ARCexample_rnaseq,TalinumFacultativeCAM,1SPL01_plants_0,0.0,DB_097,,,,parameter,Geographic Area,NFDI4PSO,http://purl.obolibrary.org/obo/NFDI4PSO_0000074,32,
36,Hackathon_ARCexample_rnaseq,TalinumFacultativeCAM,1SPL01_plants_0,0.0,DB_097,,,,parameter,Sample Collection Date,NFDI4PSO,http://purl.obolibrary.org/obo/NFDI4PSO_0000075,33,
37,Hackathon_ARCexample_rnaseq,TalinumFacultativeCAM,1SPL01_plants_0,0.0,DB_097,,,,parameter,Sample Collected By,NFDI4PSO,http://purl.obolibrary.org/obo/NFDI4PSO_0000076,34,
38,Hackathon_ARCexample_rnaseq,TalinumFacultativeCAM,1SPL01_plants_0,0.0,DB_097,,,,parameter,Time point,NFDI4PSO,http://purl.obolibrary.org/obo/NFDI4PSO_0000034,35,6 Zeitgeber time
39,Hackathon_ARCexample_rnaseq,TalinumFacultativeCAM,1SPL01_plants_0,0.0,DB_097,,,,parameter,Photosynthesis mode,,,39,CAM
40,Hackathon_ARCexample_rnaseq,TalinumFacultativeCAM,1SPL01_plants_0,1.0,DB_099,,,,parameter,Sample type,NFDI4PSO,http://purl.obolibrary.org/obo/NFDI4PSO_0000064,0,
41,Hackathon_ARCexample_rnaseq,TalinumFacultativeCAM,1SPL01_plants_0,1.0,DB_099,,,,parameter,Biological replicate,NFDI4PSO,http://purl.obolibrary.org/obo/NFDI4PSO_0000042,1,rep2
42,Hackathon_ARCexample_rnaseq,TalinumFacultativeCAM,1SPL01_plants_0,1.0,DB_099,,,,parameter,Organism,NFDI4PSO,http://purl.obolibrary.org/obo/NFDI4PSO_0000030,2,Talinum triangulare
43,Hackathon_ARCexample_rnaseq,TalinumFacultativeCAM,1SPL01_plants_0,1.0,DB_099,,,,parameter,Isolate,NFDI4PSO,http://purl.obolibrary.org/obo/NFDI4PSO_0000065,3,
44,Hackathon_ARCexample_rnaseq,TalinumFacultativeCAM,1SPL01_plants_0,1.0,DB_099,,,,parameter,Cultivar,NFDI4PSO,http://purl.obolibrary.org/obo/NFDI4PSO_0000066,4,
45,Hackathon_ARCexample_rnaseq,TalinumFacultativeCAM,1SPL01_plants_0,1.0,DB_099,,,,parameter,Ecotype,NFDI4PSO,http://purl.obolibrary.org/obo/NFDI4PSO_0000067,5,
46,Hackathon_ARCexample_rnaseq,TalinumFacultativeCAM,1SPL01_plants_0,1.0,DB_099,,,,parameter,Genotype,NFDI4PSO,http://purl.obolibrary.org/obo/NFDI4PSO_0000031,6,
47,Hackathon_ARCexample_rnaseq,TalinumFacultativeCAM,1SPL01_plants_0,1.0,DB_099,,,,parameter,population,OBI,http://purl.obolibrary.org/obo/OBI_0000181,7,
48,Hackathon_ARCexample_rnaseq,TalinumFacultativeCAM,1SPL01_plants_0,1.0,DB_099,,,,parameter,Organism part,NFDI4PSO,http://purl.obolibrary.org/obo/NFDI4PSO_0000032,8,"{'annotationValue': 'Leaf', 'termSource': 'PO', 'termAccession': 'http://purl.obolibrary.org/obo/PO_0025034'}"
49,Hackathon_ARCexample_rnaseq,TalinumFacultativeCAM,1SPL01_plants_0,1.0,DB_099,,,,parameter,Cell line,NFDI4PSO,http://purl.obolibrary.org/obo/NFDI4PSO_0000068,9,
50,Hackathon_ARCexample_rnaseq,TalinumFacultativeCAM,1SPL01_plants_0,1.0,DB_099,,,,parameter,Cell type,NFDI4PSO,http://purl.obolibrary.org/obo/NFDI4PSO_0000069,10,
51,Hackathon_ARCexample_rnaseq,TalinumFacultativeCAM,1SPL01_plants_0,1.0,DB_099,,,,parameter,age,NFDI4PSO,http://purl.obolibrary.org/obo/NFDI4PSO_0000033,11,28 days after germination
52,Hackathon_ARCexample_rnaseq,TalinumFacultativeCAM,1SPL01_plants_0,1.0,DB_099,,,,parameter,Developmental Stage,NFDI4PSO,http://purl.obolibrary.org/obo/NFDI4PSO_0000070,12,
53,Hackathon_ARCexample_rnaseq,TalinumFacultativeCAM,1SPL01_plants_0,1.0,DB_099,,,,parameter,Plant disease,NFDI4PSO,http://purl.obolibrary.org/obo/NFDI4PSO_0000071,13,
54,Hackathon_ARCexample_rnaseq,TalinumFacultativeCAM,1SPL01_plants_0,1.0,DB_099,,,,parameter,Plant disease stage,NFDI4PSO,http://purl.obolibrary.org/obo/NFDI4PSO_0000072,14,
55,Hackathon_ARCexample_rnaseq,TalinumFacultativeCAM,1SPL01_plants_0,1.0,DB_099,,,,parameter,Phenotype,NFDI4PSO,http://purl.obolibrary.org/obo/NFDI4PSO_0000073,15,
56,Hackathon_ARCexample_rnaseq,TalinumFacultativeCAM,1SPL01_plants_0,1.0,DB_099,,,,parameter,whole plant size,TO,http://purl.obolibrary.org/obo/TO_1000012,16,
57,Hackathon_ARCexample_rnaseq,TalinumFacultativeCAM,1SPL01_plants_0,1.0,DB_099,,,,parameter,study type,PECO,http://purl.obolibrary.org/obo/PECO_0007231,17,"{'annotationValue': 'growth chamber study', 'termSource': 'PECO', 'termAccession': 'http://purl.obolibrary.org/obo/PECO_0007269'}"
58,Hackathon_ARCexample_rnaseq,TalinumFacultativeCAM,1SPL01_plants_0,1.0,DB_099,,,,parameter,plant growth medium exposure,PECO,http://purl.obolibrary.org/obo/PECO_0007147,19,Miracle-Gro Potting Mix
59,Hackathon_ARCexample_rnaseq,TalinumFacultativeCAM,1SPL01_plants_0,1.0,DB_099,,,,parameter,growth plot design,NFDI4PSO,http://purl.obolibrary.org/obo/NFDI4PSO_0000001,21,
60,Hackathon_ARCexample_rnaseq,TalinumFacultativeCAM,1SPL01_plants_0,1.0,DB_099,,,,parameter,Growth day length,NFDI4PSO,http://purl.obolibrary.org/obo/NFDI4PSO_0000041,22,12 hr light / 12 hr dark
61,Hackathon_ARCexample_rnaseq,TalinumFacultativeCAM,1SPL01_plants_0,1.0,DB_099,,,,parameter,light intensity exposure,PECO,http://purl.obolibrary.org/obo/PECO_0007224,23,425
62,Hackathon_ARCexample_rnaseq,TalinumFacultativeCAM,1SPL01_plants_0,1.0,DB_099,,,,parameter,Humidity Day,NFDI4PSO,http://purl.obolibrary.org/obo/NFDI4PSO_0000005,24,37
63,Hackathon_ARCexample_rnaseq,TalinumFacultativeCAM,1SPL01_plants_0,1.0,DB_099,,,,parameter,Humidity Night,NFDI4PSO,http://purl.obolibrary.org/obo/NFDI4PSO_0000006,25,37
64,Hackathon_ARCexample_rnaseq,TalinumFacultativeCAM,1SPL01_plants_0,1.0,DB_099,,,,parameter,Temperature Day,NFDI4PSO,http://purl.obolibrary.org/obo/NFDI4PSO_0000007,26,30
65,Hackathon_ARCexample_rnaseq,TalinumFacultativeCAM,1SPL01_plants_0,1.0,DB_099,,,,parameter,Temperature Night,NFDI4PSO,http://purl.obolibrary.org/obo/NFDI4PSO_0000008,27,22
66,Hackathon_ARCexample_rnaseq,TalinumFacultativeCAM,1SPL01_plants_0,1.0,DB_099,,,,parameter,watering exposure,PECO,http://purl.obolibrary.org/obo/PECO_0007383,28,12 days drought
67,Hackathon_ARCexample_rnaseq,TalinumFacultativeCAM,1SPL01_plants_0,1.0,DB_099,,,,parameter,plant nutrient exposure,PECO,http://purl.obolibrary.org/obo/PECO_0007241,29,
68,Hackathon_ARCexample_rnaseq,TalinumFacultativeCAM,1SPL01_plants_0,1.0,DB_099,,,,parameter,abiotic plant exposure,PECO,http://purl.obolibrary.org/obo/PECO_0007191,30,
69,Hackathon_ARCexample_rnaseq,TalinumFacultativeCAM,1SPL01_plants_0,1.0,DB_099,,,,parameter,biotic plant exposure,PECO,http://purl.obolibrary.org/obo/PECO_0007357,31,
70,Hackathon_ARCexample_rnaseq,TalinumFacultativeCAM,1SPL01_plants_0,1.0,DB_099,,,,parameter,Geographic Area,NFDI4PSO,http://purl.obolibrary.org/obo/NFDI4PSO_0000074,32,
71,Hackathon_ARCexample_rnaseq,TalinumFacultativeCAM,1SPL01_plants_0,1.0,DB_099,,,,parameter,Sample Collection Date,NFDI4PSO,http://purl.obolibrary.org/obo/NFDI4PSO_0000075,33,
72,Hackathon_ARCexample_rnaseq,TalinumFacultativeCAM,1SPL01_plants_0,1.0,DB_099,,,,parameter,Sample Collected By,NFDI4PSO,http://purl.obolibrary.org/obo/NFDI4PSO_0000076,34,
73,Hackathon_ARCexample_rnaseq,TalinumFacultativeCAM,1SPL01_plants_0,1.0,DB_099,,,,parameter,Time point,NFDI4PSO,http://purl.obolibrary.org/obo/NFDI4PSO_0000034,35,6 Zeitgeber time
74,Hackathon_ARCexample_rnaseq,TalinumFacultativeCAM,1SPL01_plants_0,1.0,DB_099,,,,parameter,Photosynthesis mode,,,39,CAM
75,Hackathon_ARCexample_rnaseq,TalinumFacultativeCAM,1SPL01_plants_0,2.0,DB_103,,,,parameter,Sample type,NFDI4PSO,http://purl.obolibrary.org/obo/NFDI4PSO_0000064,0,
76,Hackathon_ARCexample_rnaseq,TalinumFacultativeCAM,1SPL01_plants_0,2.0,DB_103,,,,parameter,Biological replicate,NFDI4PSO,http://purl.obolibrary.org/obo/NFDI4PSO_0000042,1,rep3
77,Hackathon_ARCexample_rnaseq,TalinumFacultativeCAM,1SPL01_plants_0,2.0,DB_103,,,,parameter,Organism,NFDI4PSO,http://purl.obolibrary.org/obo/NFDI4PSO_0000030,2,Talinum triangulare
78,Hackathon_ARCexample_rnaseq,TalinumFacultativeCAM,1SPL01_plants_0,2.0,DB_103,,,,parameter,Isolate,NFDI4PSO,http://purl.obolibrary.org/obo/NFDI4PSO_0000065,3,
79,Hackathon_ARCexample_rnaseq,TalinumFacultativeCAM,1SPL01_plants_0,2.0,DB_103,,,,parameter,Cultivar,NFDI4PSO,http://purl.obolibrary.org/obo/NFDI4PSO_0000066,4,
80,Hackathon_ARCexample_rnaseq,TalinumFacultativeCAM,1SPL01_plants_0,2.0,DB_103,,,,parameter,Ecotype,NFDI4PSO,http://purl.obolibrary.org/obo/NFDI4PSO_0000067,5,
81,Hackathon_ARCexample_rnaseq,TalinumFacultativeCAM,1SPL01_plants_0,2.0,DB_103,,,,parameter,Genotype,NFDI4PSO,http://purl.obolibrary.org/obo/NFDI4PSO_0000031,6,
82,Hackathon_ARCexample_rnaseq,TalinumFacultativeCAM,1SPL01_plants_0,2.0,DB_103,,,,parameter,population,OBI,http://purl.obolibrary.org/obo/OBI_0000181,7,
83,Hackathon_ARCexample_rnaseq,TalinumFacultativeCAM,1SPL01_plants_0,2.0,DB_103,,,,parameter,Organism part,NFDI4PSO,http://purl.obolibrary.org/obo/NFDI4PSO_0000032,8,"{'annotationValue': 'Leaf', 'termSource': 'PO', 'termAccession': 'http://purl.obolibrary.org/obo/PO_0025034'}"
84,Hackathon_ARCexample_rnaseq,TalinumFacultativeCAM,1SPL01_plants_0,2.0,DB_103,,,,parameter,Cell line,NFDI4PSO,http://purl.obolibrary.org/obo/NFDI4PSO_0000068,9,
85,Hackathon_ARCexample_rnaseq,TalinumFacultativeCAM,1SPL01_plants_0,2.0,DB_103,,,,parameter,Cell type,NFDI4PSO,http://purl.obolibrary.org/obo/NFDI4PSO_0000069,10,
86,Hackathon_ARCexample_rnaseq,TalinumFacultativeCAM,1SPL01_plants_0,2.0,DB_103,,,,parameter,age,NFDI4PSO,http://purl.obolibrary.org/obo/NFDI4PSO_0000033,11,28 days after germination
87,Hackathon_ARCexample_rnaseq,TalinumFacultativeCAM,1SPL01_plants_0,2.0,DB_103,,,,parameter,Developmental Stage,NFDI4PSO,http://purl.obolibrary.org/obo/NFDI4PSO_0000070,12,
88,Hackathon_ARCexample_rnaseq,TalinumFacultativeCAM,1SPL01_plants_0,2.0,DB_103,,,,parameter,Plant disease,NFDI4PSO,http://purl.obolibrary.org/obo/NFDI4PSO_0000071,13,
89,Hackathon_ARCexample_rnaseq,TalinumFacultativeCAM,1SPL01_plants_0,2.0,DB_103,,,,parameter,Plant disease stage,NFDI4PSO,http://purl.obolibrary.org/obo/NFDI4PSO_0000072,14,
90,Hackathon_ARCexample_rnaseq,TalinumFacultativeCAM,1SPL01_plants_0,2.0,DB_103,,,,parameter,Phenotype,NFDI4PSO,http://purl.obolibrary.org/obo/NFDI4PSO_0000073,15,
91,Hackathon_ARCexample_rnaseq,TalinumFacultativeCAM,1SPL01_plants_0,2.0,DB_103,,,,parameter,whole plant size,TO,http://purl.obolibrary.org/obo/TO_1000012,16,
92,Hackathon_ARCexample_rnaseq,TalinumFacultativeCAM,1SPL01_plants_0,2.0,DB_103,,,,parameter,study type,PECO,http://purl.obolibrary.org/obo/PECO_0007231,17,"{'annotationValue': 'growth chamber study', 'termSource': 'PECO', 'termAccession': 'http://purl.obolibrary.org/obo/PECO_0007269'}"
93,Hackathon_ARCexample_rnaseq,TalinumFacultativeCAM,1SPL01_plants_0,2.0,DB_103,,,,parameter,plant growth medium exposure,PECO,http://purl.obolibrary.org/obo/PECO_0007147,19,Miracle-Gro Potting Mix
94,Hackathon_ARCexample_rnaseq,TalinumFacultativeCAM,1SPL01_plants_0,2.0,DB_103,,,,parameter,growth plot design,NFDI4PSO,http://purl.obolibrary.org/obo/NFDI4PSO_0000001,21,
95,Hackathon_ARCexample_rnaseq,TalinumFacultativeCAM,1SPL01_plants_0,2.0,DB_103,,,,parameter,Growth day length,NFDI4PSO,http://purl.obolibrary.org/obo/NFDI4PSO_0000041,22,12 hr light / 12 hr dark
96,Hackathon_ARCexample_rnaseq,TalinumFacultativeCAM,1SPL01_plants_0,2.0,DB_103,,,,parameter,light intensity exposure,PECO,http://purl.obolibrary.org/obo/PECO_0007224,23,425
97,Hackathon_ARCexample_rnaseq,TalinumFacultativeCAM,1SPL01_plants_0,2.0,DB_103,,,,parameter,Humidity Day,NFDI4PSO,http://purl.obolibrary.org/obo/NFDI4PSO_0000005,24,37
98,Hackathon_ARCexample_rnaseq,TalinumFacultativeCAM,1SPL01_plants_0,2.0,DB_103,,,,parameter,Humidity Night,NFDI4PSO,http://purl.obolibrary.org/obo/NFDI4PSO_0000006,25,37
99,Hackathon_ARCexample_rnaseq,TalinumFacultativeCAM,1SPL01_plants_0,2.0,DB_103,,,,parameter,Temperature Day,NFDI4PSO,http://purl.obolibrary.org/obo/NFDI4PSO_0000007,26,30
100,Hackathon_ARCexample_rnaseq,TalinumFacultativeCAM,1SPL01_plants_0,2.0,DB_103,,,,parameter,Temperature Night,NFDI4PSO,http://purl.obolibrary.org/obo/NFDI4PSO_0000008,27,22
101,Hackathon_ARCexample_rnaseq,TalinumFacultativeCAM,1SPL01_plants_0,2.0,DB_103,,,,parameter,watering exposure,PECO,http://purl.obolibrary.org/obo/PECO_0007383,28,12 days drought
102,Hackathon_ARCexample_rnaseq,TalinumFacultativeCAM,1SPL01_plants_0,2.0,DB_103,,,,parameter,plant nutrient exposure,PECO,http://purl.obolibrary.org/obo/PECO_0007241,29,
103,Hackathon_ARCexample_rnaseq,TalinumFacultativeCAM,1SPL01_plants_0,2.0,DB_103,,,,parameter,abiotic plant exposure,PECO,http://purl.obolibrary.org/obo/PECO_0007191,30,
104,Hackathon_ARCexample_rnaseq,TalinumFacultativeCAM,1SPL01_plants_0,2.0,DB_103,,,,parameter,biotic plant exposure,PECO,http://purl.obolibrary.org/obo/PECO_0007357,31,
105,Hackathon_ARCexample_rnaseq,TalinumFacultativeCAM,1SPL01_plants_0,2.0,DB_103,,,,parameter,Geographic Area,NFDI4PSO,http://purl.obolibrary.org/obo/NFDI4PSO_0000074,32,
106,Hackathon_ARCexample_rnaseq,TalinumFacultativeCAM,1SPL01_plants_0,2.0,DB_103,,,,parameter,Sample Collection Date,NFDI4PSO,http://purl.obolibrary.org/obo/NFDI4PSO_0000075,33,
107,Hackathon_ARCexample_rnaseq,TalinumFacultativeCAM,1SPL01_plants_0,2.0,DB_103,,,,parameter,Sample Collected By,NFDI4PSO,http://purl.obolibrary.org/obo/NFDI4PSO_0000076,34,
108,Hackathon_ARCexample_rnaseq,TalinumFacultativeCAM,1SPL01_plants_0,2.0,DB_103,,,,parameter,Time point,NFDI4PSO,http://purl.obolibrary.org/obo/NFDI4PSO_0000034,35,6 Zeitgeber time
109,Hackathon_ARCexample_rnaseq,TalinumFacultativeCAM,1SPL01_plants_0,2.0,DB_103,,,,parameter,Photosynthesis mode,,,39,CAM
110,Hackathon_ARCexample_rnaseq,TalinumFacultativeCAM,1SPL01_plants_0,3.0,DB_161,,,,parameter,Sample type,NFDI4PSO,http://purl.obolibrary.org/obo/NFDI4PSO_0000064,0,
111,Hackathon_ARCexample_rnaseq,TalinumFacultativeCAM,1SPL01_plants_0,3.0,DB_161,,,,parameter,Biological replicate,NFDI4PSO,http://purl.obolibrary.org/obo/NFDI4PSO_0000042,1,rep1
112,Hackathon_ARCexample_rnaseq,TalinumFacultativeCAM,1SPL01_plants_0,3.0,DB_161,,,,parameter,Organism,NFDI4PSO,http://purl.obolibrary.org/obo/NFDI4PSO_0000030,2,Talinum triangulare
113,Hackathon_ARCexample_rnaseq,TalinumFacultativeCAM,1SPL01_plants_0,3.0,DB_161,,,,parameter,Isolate,NFDI4PSO,http://purl.obolibrary.org/obo/NFDI4PSO_0000065,3,
114,Hackathon_ARCexample_rnaseq,TalinumFacultativeCAM,1SPL01_plants_0,3.0,DB_161,,,,parameter,Cultivar,NFDI4PSO,http://purl.obolibrary.org/obo/NFDI4PSO_0000066,4,
115,Hackathon_ARCexample_rnaseq,TalinumFacultativeCAM,1SPL01_plants_0,3.0,DB_161,,,,parameter,Ecotype,NFDI4PSO,http://purl.obolibrary.org/obo/NFDI4PSO_0000067,5,
116,Hackathon_ARCexample_rnaseq,TalinumFacultativeCAM,1SPL01_plants_0,3.0,DB_161,,,,parameter,Genotype,NFDI4PSO,http://purl.obolibrary.org/obo/NFDI4PSO_0000031,6,
117,Hackathon_ARCexample_rnaseq,TalinumFacultativeCAM,1SPL01_plants_0,3.0,DB_161,,,,parameter,population,OBI,http://purl.obolibrary.org/obo/OBI_0000181,7,
118,Hackathon_ARCexample_rnaseq,TalinumFacultativeCAM,1SPL01_plants_0,3.0,DB_161,,,,parameter,Organism part,NFDI4PSO,http://purl.obolibrary.org/obo/NFDI4PSO_0000032,8,"{'annotationValue': 'Leaf', 'termSource': 'PO', 'termAccession': 'http://purl.obolibrary.org/obo/PO_0025034'}"
119,Hackathon_ARCexample_rnaseq,TalinumFacultativeCAM,1SPL01_plants_0,3.0,DB_161,,,,parameter,Cell line,NFDI4PSO,http://purl.obolibrary.org/obo/NFDI4PSO_0000068,9,
120,Hackathon_ARCexample_rnaseq,TalinumFacultativeCAM,1SPL01_plants_0,3.0,DB_161,,,,parameter,Cell type,NFDI4PSO,http://purl.obolibrary.org/obo/NFDI4PSO_0000069,10,
121,Hackathon_ARCexample_rnaseq,TalinumFacultativeCAM,1SPL01_plants_0,3.0,DB_161,,,,parameter,age,NFDI4PSO,http://purl.obolibrary.org/obo/NFDI4PSO_0000033,11,28 days after germination
122,Hackathon_ARCexample_rnaseq,TalinumFacultativeCAM,1SPL01_plants_0,3.0,DB_161,,,,parameter,Developmental Stage,NFDI4PSO,http://purl.obolibrary.org/obo/NFDI4PSO_0000070,12,
123,Hackathon_ARCexample_rnaseq,TalinumFacultativeCAM,1SPL01_plants_0,3.0,DB_161,,,,parameter,Plant disease,NFDI4PSO,http://purl.obolibrary.org/obo/NFDI4PSO_0000071,13,
124,Hackathon_ARCexample_rnaseq,TalinumFacultativeCAM,1SPL01_plants_0,3.0,DB_161,,,,parameter,Plant disease stage,NFDI4PSO,http://purl.obolibrary.org/obo/NFDI4PSO_0000072,14,
125,Hackathon_ARCexample_rnaseq,TalinumFacultativeCAM,1SPL01_plants_0,3.0,DB_161,,,,parameter,Phenotype,NFDI4PSO,http://purl.obolibrary.org/obo/NFDI4PSO_0000073,15,
126,Hackathon_ARCexample_rnaseq,TalinumFacultativeCAM,1SPL01_plants_0,3.0,DB_161,,,,parameter,whole plant size,TO,http://purl.obolibrary.org/obo/TO_1000012,16,
127,Hackathon_ARCexample_rnaseq,TalinumFacultativeCAM,1SPL01_plants_0,3.0,DB_161,,,,parameter,study type,PECO,http://purl.obolibrary.org/obo/PECO_0007231,17,"{'annotationValue': 'growth chamber study', 'termSource': 'PECO', 'termAccession': 'http://purl.obolibrary.org/obo/PECO_0007269'}"
128,Hackathon_ARCexample_rnaseq,TalinumFacultativeCAM,1SPL01_plants_0,3.0,DB_161,,,,parameter,plant growth medium exposure,PECO,http://purl.obolibrary.org/obo/PECO_0007147,19,Miracle-Gro Potting Mix
129,Hackathon_ARCexample_rnaseq,TalinumFacultativeCAM,1SPL01_plants_0,3.0,DB_161,,,,parameter,growth plot design,NFDI4PSO,http://purl.obolibrary.org/obo/NFDI4PSO_0000001,21,
130,Hackathon_ARCexample_rnaseq,TalinumFacultativeCAM,1SPL01_plants_0,3.0,DB_161,,,,parameter,Growth day length,NFDI4PSO,http://purl.obolibrary.org/obo/NFDI4PSO_0000041,22,12 hr light / 12 hr dark
131,Hackathon_ARCexample_rnaseq,TalinumFacultativeCAM,1SPL01_plants_0,3.0,DB_161,,,,parameter,light intensity exposure,PECO,http://purl.obolibrary.org/obo/PECO_0007224,23,425
132,Hackathon_ARCexample_rnaseq,TalinumFacultativeCAM,1SPL01_plants_0,3.0,DB_161,,,,parameter,Humidity Day,NFDI4PSO,http://purl.obolibrary.org/obo/NFDI4PSO_0000005,24,37
133,Hackathon_ARCexample_rnaseq,TalinumFacultativeCAM,1SPL01_plants_0,3.0,DB_161,,,,parameter,Humidity Night,NFDI4PSO,http://purl.obolibrary.org/obo/NFDI4PSO_0000006,25,37
134,Hackathon_ARCexample_rnaseq,TalinumFacultativeCAM,1SPL01_plants_0,3.0,DB_161,,,,parameter,Temperature Day,NFDI4PSO,http://purl.obolibrary.org/obo/NFDI4PSO_0000007,26,30
135,Hackathon_ARCexample_rnaseq,TalinumFacultativeCAM,1SPL01_plants_0,3.0,DB_161,,,,parameter,Temperature Night,NFDI4PSO,http://purl.obolibrary.org/obo/NFDI4PSO_0000008,27,22
136,Hackathon_ARCexample_rnaseq,TalinumFacultativeCAM,1SPL01_plants_0,3.0,DB_161,,,,parameter,watering exposure,PECO,http://purl.obolibrary.org/obo/PECO_0007383,28,2 days rewatered
137,Hackathon_ARCexample_rnaseq,TalinumFacultativeCAM,1SPL01_plants_0,3.0,DB_161,,,,parameter,plant nutrient exposure,PECO,http://purl.obolibrary.org/obo/PECO_0007241,29,
138,Hackathon_ARCexample_rnaseq,TalinumFacultativeCAM,1SPL01_plants_0,3.0,DB_161,,,,parameter,abiotic plant exposure,PECO,http://purl.obolibrary.org/obo/PECO_0007191,30,
139,Hackathon_ARCexample_rnaseq,TalinumFacultativeCAM,1SPL01_plants_0,3.0,DB_161,,,,parameter,biotic plant exposure,PECO,http://purl.obolibrary.org/obo/PECO_0007357,31,
140,Hackathon_ARCexample_rnaseq,TalinumFacultativeCAM,1SPL01_plants_0,3.0,DB_161,,,,parameter,Geographic Area,NFDI4PSO,http://purl.obolibrary.org/obo/NFDI4PSO_0000074,32,
141,Hackathon_ARCexample_rnaseq,TalinumFacultativeCAM,1SPL01_plants_0,3.0,DB_161,,,,parameter,Sample Collection Date,NFDI4PSO,http://purl.obolibrary.org/obo/NFDI4PSO_0000075,33,
142,Hackathon_ARCexample_rnaseq,TalinumFacultativeCAM,1SPL01_plants_0,3.0,DB_161,,,,parameter,Sample Collected By,NFDI4PSO,http://purl.obolibrary.org/obo/NFDI4PSO_0000076,34,
143,Hackathon_ARCexample_rnaseq,TalinumFacultativeCAM,1SPL01_plants_0,3.0,DB_161,,,,parameter,Time point,NFDI4PSO,http://purl.obolibrary.org/obo/NFDI4PSO_0000034,35,6 Zeitgeber time
144,Hackathon_ARCexample_rnaseq,TalinumFacultativeCAM,1SPL01_plants_0,3.0,DB_161,,,,parameter,Photosynthesis mode,,,39,reC3
145,Hackathon_ARCexample_rnaseq,TalinumFacultativeCAM,1SPL01_plants_0,4.0,DB_163,,,,parameter,Sample type,NFDI4PSO,http://purl.obolibrary.org/obo/NFDI4PSO_0000064,0,
146,Hackathon_ARCexample_rnaseq,TalinumFacultativeCAM,1SPL01_plants_0,4.0,DB_163,,,,parameter,Biological replicate,NFDI4PSO,http://purl.obolibrary.org/obo/NFDI4PSO_0000042,1,rep2
147,Hackathon_ARCexample_rnaseq,TalinumFacultativeCAM,1SPL01_plants_0,4.0,DB_163,,,,parameter,Organism,NFDI4PSO,http://purl.obolibrary.org/obo/NFDI4PSO_0000030,2,Talinum triangulare
148,Hackathon_ARCexample_rnaseq,TalinumFacultativeCAM,1SPL01_plants_0,4.0,DB_163,,,,parameter,Isolate,NFDI4PSO,http://purl.obolibrary.org/obo/NFDI4PSO_0000065,3,
149,Hackathon_ARCexample_rnaseq,TalinumFacultativeCAM,1SPL01_plants_0,4.0,DB_163,,,,parameter,Cultivar,NFDI4PSO,http://purl.obolibrary.org/obo/NFDI4PSO_0000066,4,
150,Hackathon_ARCexample_rnaseq,TalinumFacultativeCAM,1SPL01_plants_0,4.0,DB_163,,,,parameter,Ecotype,NFDI4PSO,http://purl.obolibrary.org/obo/NFDI4PSO_0000067,5,
151,Hackathon_ARCexample_rnaseq,TalinumFacultativeCAM,1SPL01_plants_0,4.0,DB_163,,,,parameter,Genotype,NFDI4PSO,http://purl.obolibrary.org/obo/NFDI4PSO_0000031,6,
152,Hackathon_ARCexample_rnaseq,TalinumFacultativeCAM,1SPL01_plants_0,4.0,DB_163,,,,parameter,population,OBI,http://purl.obolibrary.org/obo/OBI_0000181,7,
153,Hackathon_ARCexample_rnaseq,TalinumFacultativeCAM,1SPL01_plants_0,4.0,DB_163,,,,parameter,Organism part,NFDI4PSO,http://purl.obolibrary.org/obo/NFDI4PSO_0000032,8,"{'annotationValue': 'Leaf', 'termSource': 'PO', 'termAccession': 'http://purl.obolibrary.org/obo/PO_0025034'}"
154,Hackathon_ARCexample_rnaseq,TalinumFacultativeCAM,1SPL01_plants_0,4.0,DB_163,,,,parameter,Cell line,NFDI4PSO,http://purl.obolibrary.org/obo/NFDI4PSO_0000068,9,
155,Hackathon_ARCexample_rnaseq,TalinumFacultativeCAM,1SPL01_plants_0,4.0,DB_163,,,,parameter,Cell type,NFDI4PSO,http://purl.obolibrary.org/obo/NFDI4PSO_0000069,10,
156,Hackathon_ARCexample_rnaseq,TalinumFacultativeCAM,1SPL01_plants_0,4.0,DB_163,,,,parameter,age,NFDI4PSO,http://purl.obolibrary.org/obo/NFDI4PSO_0000033,11,28 days after germination
157,Hackathon_ARCexample_rnaseq,TalinumFacultativeCAM,1SPL01_plants_0,4.0,DB_163,,,,parameter,Developmental Stage,NFDI4PSO,http://purl.obolibrary.org/obo/NFDI4PSO_0000070,12,
158,Hackathon_ARCexample_rnaseq,TalinumFacultativeCAM,1SPL01_plants_0,4.0,DB_163,,,,parameter,Plant disease,NFDI4PSO,http://purl.obolibrary.org/obo/NFDI4PSO_0000071,13,
159,Hackathon_ARCexample_rnaseq,TalinumFacultativeCAM,1SPL01_plants_0,4.0,DB_163,,,,parameter,Plant disease stage,NFDI4PSO,http://purl.obolibrary.org/obo/NFDI4PSO_0000072,14,
160,Hackathon_ARCexample_rnaseq,TalinumFacultativeCAM,1SPL01_plants_0,4.0,DB_163,,,,parameter,Phenotype,NFDI4PSO,http://purl.obolibrary.org/obo/NFDI4PSO_0000073,15,
161,Hackathon_ARCexample_rnaseq,TalinumFacultativeCAM,1SPL01_plants_0,4.0,DB_163,,,,parameter,whole plant size,TO,http://purl.obolibrary.org/obo/TO_1000012,16,
162,Hackathon_ARCexample_rnaseq,TalinumFacultativeCAM,1SPL01_plants_0,4.0,DB_163,,,,parameter,study type,PECO,http://purl.obolibrary.org/obo/PECO_0007231,17,"{'annotationValue': 'growth chamber study', 'termSource': 'PECO', 'termAccession': 'http://purl.obolibrary.org/obo/PECO_0007269'}"
163,Hackathon_ARCexample_rnaseq,TalinumFacultativeCAM,1SPL01_plants_0,4.0,DB_163,,,,parameter,plant growth medium exposure,PECO,http://purl.obolibrary.org/obo/PECO_0007147,19,Miracle-Gro Potting Mix
164,Hackathon_ARCexample_rnaseq,TalinumFacultativeCAM,1SPL01_plants_0,4.0,DB_163,,,,parameter,growth plot design,NFDI4PSO,http://purl.obolibrary.org/obo/NFDI4PSO_0000001,21,
165,Hackathon_ARCexample_rnaseq,TalinumFacultativeCAM,1SPL01_plants_0,4.0,DB_163,,,,parameter,Growth day length,NFDI4PSO,http://purl.obolibrary.org/obo/NFDI4PSO_0000041,22,12 hr light / 12 hr dark
166,Hackathon_ARCexample_rnaseq,TalinumFacultativeCAM,1SPL01_plants_0,4.0,DB_163,,,,parameter,light intensity exposure,PECO,http://purl.obolibrary.org/obo/PECO_0007224,23,425
167,Hackathon_ARCexample_rnaseq,TalinumFacultativeCAM,1SPL01_plants_0,4.0,DB_163,,,,parameter,Humidity Day,NFDI4PSO,http://purl.obolibrary.org/obo/NFDI4PSO_0000005,24,37
168,Hackathon_ARCexample_rnaseq,TalinumFacultativeCAM,1SPL01_plants_0,4.0,DB_163,,,,parameter,Humidity Night,NFDI4PSO,http://purl.obolibrary.org/obo/NFDI4PSO_0000006,25,37
169,Hackathon_ARCexample_rnaseq,TalinumFacultativeCAM,1SPL01_plants_0,4.0,DB_163,,,,parameter,Temperature Day,NFDI4PSO,http://purl.obolibrary.org/obo/NFDI4PSO_0000007,26,30
170,Hackathon_ARCexample_rnaseq,TalinumFacultativeCAM,1SPL01_plants_0,4.0,DB_163,,,,parameter,Temperature Night,NFDI4PSO,http://purl.obolibrary.org/obo/NFDI4PSO_0000008,27,22
171,Hackathon_ARCexample_rnaseq,TalinumFacultativeCAM,1SPL01_plants_0,4.0,DB_163,,,,parameter,watering exposure,PECO,http://purl.obolibrary.org/obo/PECO_0007383,28,2 days rewatered
172,Hackathon_ARCexample_rnaseq,TalinumFacultativeCAM,1SPL01_plants_0,4.0,DB_163,,,,parameter,plant nutrient exposure,PECO,http://purl.obolibrary.org/obo/PECO_0007241,29,
173,Hackathon_ARCexample_rnaseq,TalinumFacultativeCAM,1SPL01_plants_0,4.0,DB_163,,,,parameter,abiotic plant exposure,PECO,http://purl.obolibrary.org/obo/PECO_0007191,30,
174,Hackathon_ARCexample_rnaseq,TalinumFacultativeCAM,1SPL01_plants_0,4.0,DB_163,,,,parameter,biotic plant exposure,PECO,http://purl.obolibrary.org/obo/PECO_0007357,31,
175,Hackathon_ARCexample_rnaseq,TalinumFacultativeCAM,1SPL01_plants_0,4.0,DB_163,,,,parameter,Geographic Area,NFDI4PSO,http://purl.obolibrary.org/obo/NFDI4PSO_0000074,32,
176,Hackathon_ARCexample_rnaseq,TalinumFacultativeCAM,1SPL01_plants_0,4.0,DB_163,,,,parameter,Sample Collection Date,NFDI4PSO,http://purl.obolibrary.org/obo/NFDI4PSO_0000075,33,
177,Hackathon_ARCexample_rnaseq,TalinumFacultativeCAM,1SPL01_plants_0,4.0,DB_163,,,,parameter,Sample Collected By,NFDI4PSO,http://purl.obolibrary.org/obo/NFDI4PSO_0000076,34,
178,Hackathon_ARCexample_rnaseq,TalinumFacultativeCAM,1SPL01_plants_0,4.0,DB_163,,,,parameter,Time point,NFDI4PSO,http://purl.obolibrary.org/obo/NFDI4PSO_0000034,35,6 Zeitgeber time
179,Hackathon_ARCexample_rnaseq,TalinumFacultativeCAM,1SPL01_plants_0,4.0,DB_163,,,,parameter,Photosynthesis mode,,,39,reC3
180,Hackathon_ARCexample_rnaseq,TalinumFacultativeCAM,1SPL01_plants_0,5.0,DB_165,,,,parameter,Sample type,NFDI4PSO,http://purl.obolibrary.org/obo/NFDI4PSO_0000064,0,
181,Hackathon_ARCexample_rnaseq,TalinumFacultativeCAM,1SPL01_plants_0,5.0,DB_165,,,,parameter,Biological replicate,NFDI4PSO,http://purl.obolibrary.org/obo/NFDI4PSO_0000042,1,rep3
182,Hackathon_ARCexample_rnaseq,TalinumFacultativeCAM,1SPL01_plants_0,5.0,DB_165,,,,parameter,Organism,NFDI4PSO,http://purl.obolibrary.org/obo/NFDI4PSO_0000030,2,Talinum triangulare
183,Hackathon_ARCexample_rnaseq,TalinumFacultativeCAM,1SPL01_plants_0,5.0,DB_165,,,,parameter,Isolate,NFDI4PSO,http://purl.obolibrary.org/obo/NFDI4PSO_0000065,3,
184,Hackathon_ARCexample_rnaseq,TalinumFacultativeCAM,1SPL01_plants_0,5.0,DB_165,,,,parameter,Cultivar,NFDI4PSO,http://purl.obolibrary.org/obo/NFDI4PSO_0000066,4,
185,Hackathon_ARCexample_rnaseq,TalinumFacultativeCAM,1SPL01_plants_0,5.0,DB_165,,,,parameter,Ecotype,NFDI4PSO,http://purl.obolibrary.org/obo/NFDI4PSO_0000067,5,
186,Hackathon_ARCexample_rnaseq,TalinumFacultativeCAM,1SPL01_plants_0,5.0,DB_165,,,,parameter,Genotype,NFDI4PSO,http://purl.obolibrary.org/obo/NFDI4PSO_0000031,6,
187,Hackathon_ARCexample_rnaseq,TalinumFacultativeCAM,1SPL01_plants_0,5.0,DB_165,,,,parameter,population,OBI,http://purl.obolibrary.org/obo/OBI_0000181,7,
188,Hackathon_ARCexample_rnaseq,TalinumFacultativeCAM,1SPL01_plants_0,5.0,DB_165,,,,parameter,Organism part,NFDI4PSO,http://purl.obolibrary.org/obo/NFDI4PSO_0000032,8,"{'annotationValue': 'Leaf', 'termSource': 'PO', 'termAccession': 'http://purl.obolibrary.org/obo/PO_0025034'}"
189,Hackathon_ARCexample_rnaseq,TalinumFacultativeCAM,1SPL01_plants_0,5.0,DB_165,,,,parameter,Cell line,NFDI4PSO,http://purl.obolibrary.org/obo/NFDI4PSO_0000068,9,
190,Hackathon_ARCexample_rnaseq,TalinumFacultativeCAM,1SPL01_plants_0,5.0,DB_165,,,,parameter,Cell type,NFDI4PSO,http://purl.obolibrary.org/obo/NFDI4PSO_0000069,10,
191,Hackathon_ARCexample_rnaseq,TalinumFacultativeCAM,1SPL01_plants_0,5.0,DB_165,,,,parameter,age,NFDI4PSO,http://purl.obolibrary.org/obo/NFDI4PSO_0000033,11,28 days after germination
192,Hackathon_ARCexample_rnaseq,TalinumFacultativeCAM,1SPL01_plants_0,5.0,DB_165,,,,parameter,Developmental Stage,NFDI4PSO,http://purl.obolibrary.org/obo/NFDI4PSO_0000070,12,
193,Hackathon_ARCexample_rnaseq,TalinumFacultativeCAM,1SPL01_plants_0,5.0,DB_165,,,,parameter,Plant disease,NFDI4PSO,http://purl.obolibrary.org/obo/NFDI4PSO_0000071,13,
194,Hackathon_ARCexample_rnaseq,TalinumFacultativeCAM,1SPL01_plants_0,5.0,DB_165,,,,parameter,Plant disease stage,NFDI4PSO,http://purl.obolibrary.org/obo/NFDI4PSO_0000072,14,
195,Hackathon_ARCexample_rnaseq,TalinumFacultativeCAM,1SPL01_plants_0,5.0,DB_165,,,,parameter,Phenotype,NFDI4PSO,http://purl.obolibrary.org/obo/NFDI4PSO_0000073,15,
196,Hackathon_ARCexample_rnaseq,TalinumFacultativeCAM,1SPL01_plants_0,5.0,DB_165,,,,parameter,whole plant size,TO,http://purl.obolibrary.org/obo/TO_1000012,16,
197,Hackathon_ARCexample_rnaseq,TalinumFacultativeCAM,1SPL01_plants_0,5.0,DB_165,,,,parameter,study type,PECO,http://purl.obolibrary.org/obo/PECO_0007231,17,"{'annotationValue': 'growth chamber study', 'termSource': 'PECO', 'termAccession': 'http://purl.obolibrary.org/obo/PECO_0007269'}"
198,Hackathon_ARCexample_rnaseq,TalinumFacultativeCAM,1SPL01_plants_0,5.0,DB_165,,,,parameter,plant growth medium exposure,PECO,http://purl.obolibrary.org/obo/PECO_0007147,19,Miracle-Gro Potting Mix
199,Hackathon_ARCexample_rnaseq,TalinumFacultativeCAM,1SPL01_plants_0,5.0,DB_165,,,,parameter,growth plot design,NFDI4PSO,http://purl.obolibrary.org/obo/NFDI4PSO_0000001,21,
200,Hackathon_ARCexample_rnaseq,TalinumFacultativeCAM,1SPL01_plants_0,5.0,DB_165,,,,parameter,Growth day length,NFDI4PSO,http://purl.obolibrary.org/obo/NFDI4PSO_0000041,22,12 hr light / 12 hr dark
201,Hackathon_ARCexample_rnaseq,TalinumFacultativeCAM,1SPL01_plants_0,5.0,DB_165,,,,parameter,light intensity exposure,PECO,http://purl.obolibrary.org/obo/PECO_0007224,23,425
202,Hackathon_ARCexample_rnaseq,TalinumFacultativeCAM,1SPL01_plants_0,5.0,DB_165,,,,parameter,Humidity Day,NFDI4PSO,http://purl.obolibrary.org/obo/NFDI4PSO_0000005,24,37
203,Hackathon_ARCexample_rnaseq,TalinumFacultativeCAM,1SPL01_plants_0,5.0,DB_165,,,,parameter,Humidity Night,NFDI4PSO,http://purl.obolibrary.org/obo/NFDI4PSO_0000006,25,37
204,Hackathon_ARCexample_rnaseq,TalinumFacultativeCAM,1SPL01_plants_0,5.0,DB_165,,,,parameter,Temperature Day,NFDI4PSO,http://purl.obolibrary.org/obo/NFDI4PSO_0000007,26,30
205,Hackathon_ARCexample_rnaseq,TalinumFacultativeCAM,1SPL01_plants_0,5.0,DB_165,,,,parameter,Temperature Night,NFDI4PSO,http://purl.obolibrary.org/obo/NFDI4PSO_0000008,27,22
206,Hackathon_ARCexample_rnaseq,TalinumFacultativeCAM,1SPL01_plants_0,5.0,DB_165,,,,parameter,watering exposure,PECO,http://purl.obolibrary.org/obo/PECO_0007383,28,2 days rewatered
207,Hackathon_ARCexample_rnaseq,TalinumFacultativeCAM,1SPL01_plants_0,5.0,DB_165,,,,parameter,plant nutrient exposure,PECO,http://purl.obolibrary.org/obo/PECO_0007241,29,
208,Hackathon_ARCexample_rnaseq,TalinumFacultativeCAM,1SPL01_plants_0,5.0,DB_165,,,,parameter,abiotic plant exposure,PECO,http://purl.obolibrary.org/obo/PECO_0007191,30,
209,Hackathon_ARCexample_rnaseq,TalinumFacultativeCAM,1SPL01_plants_0,5.0,DB_165,,,,parameter,biotic plant exposure,PECO,http://purl.obolibrary.org/obo/PECO_0007357,31,
210,Hackathon_ARCexample_rnaseq,TalinumFacultativeCAM,1SPL01_plants_0,5.0,DB_165,,,,parameter,Geographic Area,NFDI4PSO,http://purl.obolibrary.org/obo/NFDI4PSO_0000074,32,
211,Hackathon_ARCexample_rnaseq,TalinumFacultativeCAM,1SPL01_plants_0,5.0,DB_165,,,,parameter,Sample Collection Date,NFDI4PSO,http://purl.obolibrary.org/obo/NFDI4PSO_0000075,33,
212,Hackathon_ARCexample_rnaseq,TalinumFacultativeCAM,1SPL01_plants_0,5.0,DB_165,,,,parameter,Sample Collected By,NFDI4PSO,http://purl.obolibrary.org/obo/NFDI4PSO_0000076,34,
213,Hackathon_ARCexample_rnaseq,TalinumFacultativeCAM,1SPL01_plants_0,5.0,DB_165,,,,parameter,Time point,NFDI4PSO,http://purl.obolibrary.org/obo/NFDI4PSO_0000034,35,6 Zeitgeber time
214,Hackathon_ARCexample_rnaseq,TalinumFacultativeCAM,1SPL01_plants_0,5.0,DB_165,,,,parameter,Photosynthesis mode,,,39,reC3
215,Hackathon_ARCexample_rnaseq,TalinumFacultativeCAM,1SPL01_plants_0,,,0.0,CAM_01,DB_097,,,,,,
216,Hackathon_ARCexample_rnaseq,TalinumFacultativeCAM,1SPL01_plants_0,,,1.0,CAM_02,DB_099,,,,,,
217,Hackathon_ARCexample_rnaseq,TalinumFacultativeCAM,1SPL01_plants_0,,,2.0,CAM_03,DB_103,,,,,,
218,Hackathon_ARCexample_rnaseq,TalinumFacultativeCAM,1SPL01_plants_0,,,3.0,reC3_01,DB_161,,,,,,
219,Hackathon_ARCexample_rnaseq,TalinumFacultativeCAM,1SPL01_plants_0,,,4.0,reC3_02,DB_163,,,,,,
220,Hackathon_ARCexample_rnaseq,TalinumFacultativeCAM,1SPL01_plants_0,,,5.0,reC3_03,DB_165,,,,,,
221,Hackathon_ARCexample_rnaseq,TalinumFacultativeCAM,2EXT01_RNA_0,,,,,,parameter,Bio entity,NFDI4PSO,http://purl.obolibrary.org/obo/NFDI4PSO_0000012,0,mRNA
222,Hackathon_ARCexample_rnaseq,TalinumFacultativeCAM,2EXT01_RNA_0,,,,,,parameter,Extraction method,NFDI4PSO,http://purl.obolibrary.org/obo/NFDI4PSO_0000054,2,Roboklon EURx GeneMATRIX Universal RNA Purification version 2.3 September 2011
223,Hackathon_ARCexample_rnaseq,TalinumFacultativeCAM,2EXT01_RNA_0,,,,,,parameter,Extraction buffer,NFDI4PSO,http://purl.obolibrary.org/obo/NFDI4PSO_0000050,3,Roboklon commercial buffers
224,Hackathon_ARCexample_rnaseq,TalinumFacultativeCAM,2EXT01_RNA_0,,,,,,parameter,Extraction buffer volume,NFDI4PSO,http://purl.obolibrary.org/obo/NFDI4PSO_0000051,4,300
225,Hackathon_ARCexample_rnaseq,TalinumFacultativeCAM,2EXT01_RNA_0,,,0.0,CAM_01_ext,CAM_01,factor,Biosource amount,NFDI4PSO,http://purl.obolibrary.org/obo/NFDI4PSO_0000013,1,80
226,Hackathon_ARCexample_rnaseq,TalinumFacultativeCAM,2EXT01_RNA_0,,,0.0,CAM_01_ext,CAM_01,factor,RNA quality check,NFDI4PSO,http://purl.obolibrary.org/obo/NFDI4PSO_0000062,5,RIN 7.6 (Agilent Bioanalyzer 2100 expert_Plant RNA Nano)
227,Hackathon_ARCexample_rnaseq,TalinumFacultativeCAM,2EXT01_RNA_0,,,1.0,CAM_02_ext,CAM_02,factor,Biosource amount,NFDI4PSO,http://purl.obolibrary.org/obo/NFDI4PSO_0000013,1,78
228,Hackathon_ARCexample_rnaseq,TalinumFacultativeCAM,2EXT01_RNA_0,,,1.0,CAM_02_ext,CAM_02,factor,RNA quality check,NFDI4PSO,http://purl.obolibrary.org/obo/NFDI4PSO_0000062,5,RIN 7.7 (Agilent Bioanalyzer 2100 expert_Plant RNA Nano)
229,Hackathon_ARCexample_rnaseq,TalinumFacultativeCAM,2EXT01_RNA_0,,,2.0,CAM_03_ext,CAM_03,factor,Biosource amount,NFDI4PSO,http://purl.obolibrary.org/obo/NFDI4PSO_0000013,1,93
230,Hackathon_ARCexample_rnaseq,TalinumFacultativeCAM,2EXT01_RNA_0,,,2.0,CAM_03_ext,CAM_03,factor,RNA quality check,NFDI4PSO,http://purl.obolibrary.org/obo/NFDI4PSO_0000062,5,RIN 6.5 (Agilent Bioanalyzer 2100 expert_Plant RNA Nano)
231,Hackathon_ARCexample_rnaseq,TalinumFacultativeCAM,2EXT01_RNA_0,,,3.0,reC3_01_ext,reC3_01,factor,Biosource amount,NFDI4PSO,http://purl.obolibrary.org/obo/NFDI4PSO_0000013,1,82
232,Hackathon_ARCexample_rnaseq,TalinumFacultativeCAM,2EXT01_RNA_0,,,3.0,reC3_01_ext,reC3_01,factor,RNA quality check,NFDI4PSO,http://purl.obolibrary.org/obo/NFDI4PSO_0000062,5,RIN 7.8 (Agilent Bioanalyzer 2100 expert_Plant RNA Nano)
233,Hackathon_ARCexample_rnaseq,TalinumFacultativeCAM,2EXT01_RNA_0,,,4.0,reC3_02_ext,reC3_02,factor,Biosource amount,NFDI4PSO,http://purl.obolibrary.org/obo/NFDI4PSO_0000013,1,96
234,Hackathon_ARCexample_rnaseq,TalinumFacultativeCAM,2EXT01_RNA_0,,,4.0,reC3_02_ext,reC3_02,factor,RNA quality check,NFDI4PSO,http://purl.obolibrary.org/obo/NFDI4PSO_0000062,5,RIN 7.6 (Agilent Bioanalyzer 2100 expert_Plant RNA Nano)
235,Hackathon_ARCexample_rnaseq,TalinumFacultativeCAM,2EXT01_RNA_0,,,5.0,reC3_03_ext,reC3_03,factor,Biosource amount,NFDI4PSO,http://purl.obolibrary.org/obo/NFDI4PSO_0000013,1,78
236,Hackathon_ARCexample_rnaseq,TalinumFacultativeCAM,2EXT01_RNA_0,,,5.0,reC3_03_ext,reC3_03,factor,RNA quality check,NFDI4PSO,http://purl.obolibrary.org/obo/NFDI4PSO_0000062,5,RIN 7.6 (Agilent Bioanalyzer 2100 expert_Plant RNA Nano)
237,Hackathon_ARCexample_rnaseq,TalinumFacultativeCAM,3ASY01_RNASeq_0,,,,,,parameter,Library strategy,NFDI4PSO,http://purl.obolibrary.org/obo/NFDI4PSO_0000035,0,RNA-Seq
238,Hackathon_ARCexample_rnaseq,TalinumFacultativeCAM,3ASY01_RNASeq_0,,,,,,parameter,Library Selection,NFDI4PSO,http://purl.obolibrary.org/obo/NFDI4PSO_0000036,1,cDNA method
239,Hackathon_ARCexample_rnaseq,TalinumFacultativeCAM,3ASY01_RNASeq_0,,,,,,parameter,Library layout,,,2,single
240,Hackathon_ARCexample_rnaseq,TalinumFacultativeCAM,3ASY01_RNASeq_0,,,,,,parameter,rRNA Depletion,,,3,DNase (New England Biolabs)
241,Hackathon_ARCexample_rnaseq,TalinumFacultativeCAM,3ASY01_RNASeq_0,,,,,,parameter,Library preparation kit,NFDI4PSO,http://purl.obolibrary.org/obo/NFDI4PSO_0000037,4,Illumina TruSeq RNA Sample Prep Kit
242,Hackathon_ARCexample_rnaseq,TalinumFacultativeCAM,3ASY01_RNASeq_0,,,,,,parameter,Library preparation kit version,NFDI4PSO,http://purl.obolibrary.org/obo/NFDI4PSO_0000038,5,version 2
243,Hackathon_ARCexample_rnaseq,TalinumFacultativeCAM,3ASY01_RNASeq_0,,,,,,parameter,Library RNA amount,NFDI4PSO,http://purl.obolibrary.org/obo/NFDI4PSO_0000016,7,
244,Hackathon_ARCexample_rnaseq,TalinumFacultativeCAM,3ASY01_RNASeq_0,,,,,,parameter,Next generation sequencing instrument model,NFDI4PSO,http://purl.obolibrary.org/obo/NFDI4PSO_0000040,8,Illumina HiSeq 2000 Rapid Run
245,Hackathon_ARCexample_rnaseq,TalinumFacultativeCAM,3ASY01_RNASeq_0,,,,,,parameter,Base-calling Software,NFDI4PSO,http://purl.obolibrary.org/obo/NFDI4PSO_0000017,9,Illumina Cassava
246,Hackathon_ARCexample_rnaseq,TalinumFacultativeCAM,3ASY01_RNASeq_0,,,,,,parameter,Base-calling Software Version,NFDI4PSO,http://purl.obolibrary.org/obo/NFDI4PSO_0000018,10,v1.8.2
247,Hackathon_ARCexample_rnaseq,TalinumFacultativeCAM,3ASY01_RNASeq_0,,,,,,parameter,Base-calling Software Parameters,NFDI4PSO,http://purl.obolibrary.org/obo/NFDI4PSO_0000019,11,
248,Hackathon_ARCexample_rnaseq,TalinumFacultativeCAM,3ASY01_RNASeq_0,,,,,,parameter,Library strand,NFDI4PSO,http://purl.obolibrary.org/obo/NFDI4PSO_0000020,12,Forward
249,Hackathon_ARCexample_rnaseq,TalinumFacultativeCAM,3ASY01_RNASeq_0,,,,,,parameter,Raw data file format,NFDI4PSO,http://purl.obolibrary.org/obo/NFDI4PSO_0000021,13,*.fastq.gz
250,Hackathon_ARCexample_rnaseq,TalinumFacultativeCAM,3ASY01_RNASeq_0,,,,,,parameter,Raw data file checksum,NFDI4PSO,http://purl.obolibrary.org/obo/NFDI4PSO_0000022,14,
251,Hackathon_ARCexample_rnaseq,TalinumFacultativeCAM,3ASY01_RNASeq_0,0.0,CAM_01_ext,,,CAM_01,factor,Biosource amount,NFDI4PSO,http://purl.obolibrary.org/obo/NFDI4PSO_0000013,1,80
252,Hackathon_ARCexample_rnaseq,TalinumFacultativeCAM,3ASY01_RNASeq_0,0.0,CAM_01_ext,,,CAM_01,factor,RNA quality check,NFDI4PSO,http://purl.obolibrary.org/obo/NFDI4PSO_0000062,5,RIN 7.6 (Agilent Bioanalyzer 2100 expert_Plant RNA Nano)
253,Hackathon_ARCexample_rnaseq,TalinumFacultativeCAM,3ASY01_RNASeq_0,1.0,CAM_01_ext,,,CAM_01,factor,Biosource amount,NFDI4PSO,http://purl.obolibrary.org/obo/NFDI4PSO_0000013,1,80
254,Hackathon_ARCexample_rnaseq,TalinumFacultativeCAM,3ASY01_RNASeq_0,1.0,CAM_01_ext,,,CAM_01,factor,RNA quality check,NFDI4PSO,http://purl.obolibrary.org/obo/NFDI4PSO_0000062,5,RIN 7.6 (Agilent Bioanalyzer 2100 expert_Plant RNA Nano)
255,Hackathon_ARCexample_rnaseq,TalinumFacultativeCAM,3ASY01_RNASeq_0,2.0,CAM_02_ext,,,CAM_02,factor,Biosource amount,NFDI4PSO,http://purl.obolibrary.org/obo/NFDI4PSO_0000013,1,78
256,Hackathon_ARCexample_rnaseq,TalinumFacultativeCAM,3ASY01_RNASeq_0,2.0,CAM_02_ext,,,CAM_02,factor,RNA quality check,NFDI4PSO,http://purl.obolibrary.org/obo/NFDI4PSO_0000062,5,RIN 7.7 (Agilent Bioanalyzer 2100 expert_Plant RNA Nano)
257,Hackathon_ARCexample_rnaseq,TalinumFacultativeCAM,3ASY01_RNASeq_0,3.0,CAM_02_ext,,,CAM_02,factor,Biosource amount,NFDI4PSO,http://purl.obolibrary.org/obo/NFDI4PSO_0000013,1,78
258,Hackathon_ARCexample_rnaseq,TalinumFacultativeCAM,3ASY01_RNASeq_0,3.0,CAM_02_ext,,,CAM_02,factor,RNA quality check,NFDI4PSO,http://purl.obolibrary.org/obo/NFDI4PSO_0000062,5,RIN 7.7 (Agilent Bioanalyzer 2100 expert_Plant RNA Nano)
259,Hackathon_ARCexample_rnaseq,TalinumFacultativeCAM,3ASY01_RNASeq_0,4.0,CAM_03_ext,,,CAM_03,factor,Biosource amount,NFDI4PSO,http://purl.obolibrary.org/obo/NFDI4PSO_0000013,1,93
260,Hackathon_ARCexample_rnaseq,TalinumFacultativeCAM,3ASY01_RNASeq_0,4.0,CAM_03_ext,,,CAM_03,factor,RNA quality check,NFDI4PSO,http://purl.obolibrary.org/obo/NFDI4PSO_0000062,5,RIN 6.5 (Agilent Bioanalyzer 2100 expert_Plant RNA Nano)
261,Hackathon_ARCexample_rnaseq,TalinumFacultativeCAM,3ASY01_RNASeq_0,5.0,CAM_03_ext,,,CAM_03,factor,Biosource amount,NFDI4PSO,http://purl.obolibrary.org/obo/NFDI4PSO_0000013,1,93
262,Hackathon_ARCexample_rnaseq,TalinumFacultativeCAM,3ASY01_RNASeq_0,5.0,CAM_03_ext,,,CAM_03,factor,RNA quality check,NFDI4PSO,http://purl.obolibrary.org/obo/NFDI4PSO_0000062,5,RIN 6.5 (Agilent Bioanalyzer 2100 expert_Plant RNA Nano)
263,Hackathon_ARCexample_rnaseq,TalinumFacultativeCAM,3ASY01_RNASeq_0,6.0,reC3_01_ext,,,reC3_01,factor,Biosource amount,NFDI4PSO,http://purl.obolibrary.org/obo/NFDI4PSO_0000013,1,82
264,Hackathon_ARCexample_rnaseq,TalinumFacultativeCAM,3ASY01_RNASeq_0,6.0,reC3_01_ext,,,reC3_01,factor,RNA quality check,NFDI4PSO,http://purl.obolibrary.org/obo/NFDI4PSO_0000062,5,RIN 7.8 (Agilent Bioanalyzer 2100 expert_Plant RNA Nano)
265,Hackathon_ARCexample_rnaseq,TalinumFacultativeCAM,3ASY01_RNASeq_0,7.0,reC3_01_ext,,,reC3_01,factor,Biosource amount,NFDI4PSO,http://purl.obolibrary.org/obo/NFDI4PSO_0000013,1,82
266,Hackathon_ARCexample_rnaseq,TalinumFacultativeCAM,3ASY01_RNASeq_0,7.0,reC3_01_ext,,,reC3_01,factor,RNA quality check,NFDI4PSO,http://purl.obolibrary.org/obo/NFDI4PSO_0000062,5,RIN 7.8 (Agilent Bioanalyzer 2100 expert_Plant RNA Nano)
267,Hackathon_ARCexample_rnaseq,TalinumFacultativeCAM,3ASY01_RNASeq_0,8.0,reC3_02_ext,,,reC3_02,factor,Biosource amount,NFDI4PSO,http://purl.obolibrary.org/obo/NFDI4PSO_0000013,1,96
268,Hackathon_ARCexample_rnaseq,TalinumFacultativeCAM,3ASY01_RNASeq_0,8.0,reC3_02_ext,,,reC3_02,factor,RNA quality check,NFDI4PSO,http://purl.obolibrary.org/obo/NFDI4PSO_0000062,5,RIN 7.6 (Agilent Bioanalyzer 2100 expert_Plant RNA Nano)
269,Hackathon_ARCexample_rnaseq,TalinumFacultativeCAM,3ASY01_RNASeq_0,9.0,reC3_02_ext,,,reC3_02,factor,Biosource amount,NFDI4PSO,http://purl.obolibrary.org/obo/NFDI4PSO_0000013,1,96
270,Hackathon_ARCexample_rnaseq,TalinumFacultativeCAM,3ASY01_RNASeq_0,9.0,reC3_02_ext,,,reC3_02,factor,RNA quality check,NFDI4PSO,http://purl.obolibrary.org/obo/NFDI4PSO_0000062,5,RIN 7.6 (Agilent Bioanalyzer 2100 expert_Plant RNA Nano)
271,Hackathon_ARCexample_rnaseq,TalinumFacultativeCAM,3ASY01_RNASeq_0,10.0,reC3_03_ext,,,reC3_03,factor,Biosource amount,NFDI4PSO,http://purl.obolibrary.org/obo/NFDI4PSO_0000013,1,78
272,Hackathon_ARCexample_rnaseq,TalinumFacultativeCAM,3ASY01_RNASeq_0,10.0,reC3_03_ext,,,reC3_03,factor,RNA quality check,NFDI4PSO,http://purl.obolibrary.org/obo/NFDI4PSO_0000062,5,RIN 7.6 (Agilent Bioanalyzer 2100 expert_Plant RNA Nano)
273,Hackathon_ARCexample_rnaseq,TalinumFacultativeCAM,3ASY01_RNASeq_0,11.0,reC3_03_ext,,,reC3_03,factor,Biosource amount,NFDI4PSO,http://purl.obolibrary.org/obo/NFDI4PSO_0000013,1,78
274,Hackathon_ARCexample_rnaseq,TalinumFacultativeCAM,3ASY01_RNASeq_0,11.0,reC3_03_ext,,,reC3_03,factor,RNA quality check,NFDI4PSO,http://purl.obolibrary.org/obo/NFDI4PSO_0000062,5,RIN 7.6 (Agilent Bioanalyzer 2100 expert_Plant RNA Nano)
275,Hackathon_ARCexample_rnaseq,TalinumFacultativeCAM,3ASY01_RNASeq_0,,,0.0,DB_097_CAMMD_CAGATC_L001_R1_001.fastq.gz,,factor,Adapter sequence,NFDI4PSO,http://purl.obolibrary.org/obo/NFDI4PSO_0000039,6,CAGATC
276,Hackathon_ARCexample_rnaseq,TalinumFacultativeCAM,3ASY01_RNASeq_0,,,1.0,DB_097_CAMMD_CAGATC_L001_R1_001.fastq.gz,,Raw Data File,,,,,
277,Hackathon_ARCexample_rnaseq,TalinumFacultativeCAM,3ASY01_RNASeq_0,,,2.0,DB_099_CAMMD_CTTGTA_L001_R1_001.fastq.gz,,factor,Adapter sequence,NFDI4PSO,http://purl.obolibrary.org/obo/NFDI4PSO_0000039,6,CTTGTA
278,Hackathon_ARCexample_rnaseq,TalinumFacultativeCAM,3ASY01_RNASeq_0,,,3.0,DB_099_CAMMD_CTTGTA_L001_R1_001.fastq.gz,,Raw Data File,,,,,
279,Hackathon_ARCexample_rnaseq,TalinumFacultativeCAM,3ASY01_RNASeq_0,,,4.0,DB_103_CAMMD_AGTCAA_L001_R1_001.fastq.gz,,factor,Adapter sequence,NFDI4PSO,http://purl.obolibrary.org/obo/NFDI4PSO_0000039,6,AGTCAA
280,Hackathon_ARCexample_rnaseq,TalinumFacultativeCAM,3ASY01_RNASeq_0,,,5.0,DB_103_CAMMD_AGTCAA_L001_R1_001.fastq.gz,,Raw Data File,,,,,
281,Hackathon_ARCexample_rnaseq,TalinumFacultativeCAM,3ASY01_RNASeq_0,,,6.0,DB_161_reC3MD_GTCCGC_L001_R1_001.fastq.gz,,factor,Adapter sequence,NFDI4PSO,http://purl.obolibrary.org/obo/NFDI4PSO_0000039,6,GTCCGC
282,Hackathon_ARCexample_rnaseq,TalinumFacultativeCAM,3ASY01_RNASeq_0,,,7.0,DB_161_reC3MD_GTCCGC_L001_R1_001.fastq.gz,,Raw Data File,,,,,
283,Hackathon_ARCexample_rnaseq,TalinumFacultativeCAM,3ASY01_RNASeq_0,,,8.0,DB_163_reC3MD_GTGAAA_L001_R1_001.fastq.gz,,factor,Adapter sequence,NFDI4PSO,http://purl.obolibrary.org/obo/NFDI4PSO_0000039,6,GTGAAA
284,Hackathon_ARCexample_rnaseq,TalinumFacultativeCAM,3ASY01_RNASeq_0,,,9.0,DB_163_reC3MD_GTGAAA_L001_R1_001.fastq.gz,,Raw Data File,,,,,
285,Hackathon_ARCexample_rnaseq,TalinumFacultativeCAM,3ASY01_RNASeq_0,,,10.0,DB_165_re-C3MD_GTGAAA_L002_R1_001.fastq.gz,,factor,Adapter sequence,NFDI4PSO,http://purl.obolibrary.org/obo/NFDI4PSO_0000039,6,GTGAAA
286,Hackathon_ARCexample_rnaseq,TalinumFacultativeCAM,3ASY01_RNASeq_0,,,11.0,DB_165_re-C3MD_GTGAAA_L002_R1_001.fastq.gz,,Raw Data File,,,,,
287,Hackathon_ARCexample_rnaseq,TalinumFacultativeCAM,4COM01_RNASeq_0,,,,,,parameter,Data filtering software,NFDI4PSO,http://purl.obolibrary.org/obo/NFDI4PSO_0000023,0,
288,Hackathon_ARCexample_rnaseq,TalinumFacultativeCAM,4COM01_RNASeq_0,,,,,,parameter,Data filtering software version,NFDI4PSO,http://purl.obolibrary.org/obo/NFDI4PSO_0000024,1,
289,Hackathon_ARCexample_rnaseq,TalinumFacultativeCAM,4COM01_RNASeq_0,,,,,,parameter,Data filtering Software Parameters,NFDI4PSO,http://purl.obolibrary.org/obo/NFDI4PSO_0000025,2,
290,Hackathon_ARCexample_rnaseq,TalinumFacultativeCAM,4COM01_RNASeq_0,,,,,,parameter,Read Alignment Software,NFDI4PSO,http://purl.obolibrary.org/obo/NFDI4PSO_0000002,3,BLAT
291,Hackathon_ARCexample_rnaseq,TalinumFacultativeCAM,4COM01_RNASeq_0,,,,,,parameter,Read Alignment Software Version,NFDI4PSO,http://purl.obolibrary.org/obo/NFDI4PSO_0000003,4,
292,Hackathon_ARCexample_rnaseq,TalinumFacultativeCAM,4COM01_RNASeq_0,,,,,,parameter,Read Alignment Software Parameters,NFDI4PSO,http://purl.obolibrary.org/obo/NFDI4PSO_0000004,5,
293,Hackathon_ARCexample_rnaseq,TalinumFacultativeCAM,4COM01_RNASeq_0,,,,,,parameter,Genome reference sequence,NFDI4PSO,http://purl.obolibrary.org/obo/NFDI4PSO_0000026,6,Arabidopsis TAIR10 CDS
294,Hackathon_ARCexample_rnaseq,TalinumFacultativeCAM,4COM01_RNASeq_0,,,,,,parameter,Processed data file name,NFDI4PSO,http://purl.obolibrary.org/obo/NFDI4PSO_0000028,7,
295,Hackathon_ARCexample_rnaseq,TalinumFacultativeCAM,4COM01_RNASeq_0,,,,,,parameter,Processed data file format,NFDI4PSO,http://purl.obolibrary.org/obo/NFDI4PSO_0000027,8,
296,Hackathon_ARCexample_rnaseq,TalinumFacultativeCAM,4COM01_RNASeq_0,,,,,,parameter,Processed data file checksum,NFDI4PSO,http://purl.obolibrary.org/obo/NFDI4PSO_0000029,9,
297,Hackathon_ARCexample_rnaseq,TalinumFacultativeCAM,4COM01_RNASeq_0,,,0.0,DB_097_CAMMD_CAGATC_L001_R1_001.fastq.gz,,factor,Adapter sequence,NFDI4PSO,http://purl.obolibrary.org/obo/NFDI4PSO_0000039,6,CAGATC
298,Hackathon_ARCexample_rnaseq,TalinumFacultativeCAM,4COM01_RNASeq_0,,,1.0,DB_097_CAMMD_CAGATC_L001_R1_001.fastq.gz,,Raw Data File,,,,,
299,Hackathon_ARCexample_rnaseq,TalinumFacultativeCAM,4COM01_RNASeq_0,,,2.0,DB_099_CAMMD_CTTGTA_L001_R1_001.fastq.gz,,factor,Adapter sequence,NFDI4PSO,http://purl.obolibrary.org/obo/NFDI4PSO_0000039,6,CTTGTA
300,Hackathon_ARCexample_rnaseq,TalinumFacultativeCAM,4COM01_RNASeq_0,,,3.0,DB_099_CAMMD_CTTGTA_L001_R1_001.fastq.gz,,Raw Data File,,,,,
301,Hackathon_ARCexample_rnaseq,TalinumFacultativeCAM,4COM01_RNASeq_0,,,4.0,DB_103_CAMMD_AGTCAA_L001_R1_001.fastq.gz,,factor,Adapter sequence,NFDI4PSO,http://purl.obolibrary.org/obo/NFDI4PSO_0000039,6,AGTCAA
302,Hackathon_ARCexample_rnaseq,TalinumFacultativeCAM,4COM01_RNASeq_0,,,5.0,DB_103_CAMMD_AGTCAA_L001_R1_001.fastq.gz,,Raw Data File,,,,,
303,Hackathon_ARCexample_rnaseq,TalinumFacultativeCAM,4COM01_RNASeq_0,,,6.0,DB_161_reC3MD_GTCCGC_L001_R1_001.fastq.gz,,factor,Adapter sequence,NFDI4PSO,http://purl.obolibrary.org/obo/NFDI4PSO_0000039,6,GTCCGC
304,Hackathon_ARCexample_rnaseq,TalinumFacultativeCAM,4COM01_RNASeq_0,,,7.0,DB_161_reC3MD_GTCCGC_L001_R1_001.fastq.gz,,Raw Data File,,,,,
305,Hackathon_ARCexample_rnaseq,TalinumFacultativeCAM,4COM01_RNASeq_0,,,8.0,DB_163_reC3MD_GTGAAA_L001_R1_001.fastq.gz,,factor,Adapter sequence,NFDI4PSO,http://purl.obolibrary.org/obo/NFDI4PSO_0000039,6,GTGAAA
306,Hackathon_ARCexample_rnaseq,TalinumFacultativeCAM,4COM01_RNASeq_0,,,9.0,DB_163_reC3MD_GTGAAA_L001_R1_001.fastq.gz,,Raw Data File,,,,,
307,Hackathon_ARCexample_rnaseq,TalinumFacultativeCAM,4COM01_RNASeq_0,,,10.0,DB_165_re-C3MD_GTGAAA_L002_R1_001.fastq.gz,,factor,Adapter sequence,NFDI4PSO,http://purl.obolibrary.org/obo/NFDI4PSO_0000039,6,GTGAAA
308,Hackathon_ARCexample_rnaseq,TalinumFacultativeCAM,4COM01_RNASeq_0,,,11.0,DB_165_re-C3MD_GTGAAA_L002_R1_001.fastq.gz,,Raw Data File,,,,,
